MM:DD:YYYY hh:mm:ss,Library_Version,Session_type,Device_Number,Battery_Voltage,Motor_Turns,PelletsToSwitch,Prob_left,Prob_right,Event,High_prob_poke,Left_Poke_Count,Right_Poke_Count,Pellet_Count,Block_Pellet_Count,Retrieval_Time,InterPelletInterval,Poke_Time
11/12/2024 19:46:55,1.17.0,Bandit,72,4.15,nan,30,80,20,Left,Left,1,0,0,0,nan,nan,0.35
11/12/2024 19:47:01,1.17.0,Bandit,72,4.15,3,30,80,20,Pellet,Left,1,0,1,0,0.46,nan,nan
11/12/2024 19:47:36,1.17.0,Bandit,72,4.14,nan,30,80,20,Right,Left,1,1,1,1,nan,nan,0.09
11/12/2024 19:47:49,1.17.0,Bandit,72,4.15,nan,30,80,20,Right,Left,1,2,1,1,nan,nan,0.12
11/12/2024 19:47:53,1.17.0,Bandit,72,4.15,2,30,80,20,Pellet,Left,1,2,2,1,0.52,52,nan
11/12/2024 19:49:06,1.17.0,Bandit,72,4.15,nan,30,80,20,Right,Left,1,3,2,2,nan,nan,0.19
11/12/2024 19:49:29,1.17.0,Bandit,72,4.15,nan,30,80,20,Left,Left,2,3,2,2,nan,nan,0.08
11/12/2024 19:49:33,1.17.0,Bandit,72,4.16,nan,30,80,20,RightinTimeout,Left,2,3,2,2,nan,nan,0.00
11/12/2024 19:49:35,1.17.0,Bandit,72,4.15,nan,30,80,20,LeftinTimeOut,Left,2,3,2,2,nan,nan,nan
11/12/2024 19:49:35,1.17.0,Bandit,72,4.15,nan,30,80,20,LeftinTimeOut,Left,2,3,2,2,nan,nan,nan
11/12/2024 19:50:01,1.17.0,Bandit,72,4.16,nan,30,80,20,Right,Left,2,4,2,2,nan,nan,0.09
11/12/2024 19:50:18,1.17.0,Bandit,72,4.15,nan,30,80,20,Left,Left,3,4,2,2,nan,nan,0.19
11/12/2024 19:50:23,1.17.0,Bandit,72,4.15,2,30,80,20,Pellet,Left,3,4,3,2,0.95,150,nan
11/12/2024 19:50:36,1.17.0,Bandit,72,4.15,nan,30,80,20,Left,Left,4,4,3,3,nan,nan,0.06
11/12/2024 19:50:42,1.17.0,Bandit,72,4.15,2,30,80,20,Pellet,Left,4,4,4,3,0.46,19,nan
11/12/2024 19:51:35,1.17.0,Bandit,72,4.15,nan,30,80,20,Left,Left,5,4,4,4,nan,nan,0.21
11/12/2024 19:51:38,1.17.0,Bandit,72,4.15,1,30,80,20,Pellet,Left,5,4,5,4,0.46,56,nan
11/12/2024 19:52:05,1.17.0,Bandit,72,4.15,nan,30,80,20,Left,Left,6,4,5,5,nan,nan,0.20
11/12/2024 19:52:09,1.17.0,Bandit,72,4.16,2,30,80,20,Pellet,Left,6,4,6,5,0.46,31,nan
11/12/2024 19:52:21,1.17.0,Bandit,72,4.15,nan,30,80,20,Left,Left,7,4,6,6,nan,nan,0.19
11/12/2024 19:52:23,1.17.0,Bandit,72,4.15,nan,30,80,20,LeftinTimeOut,Left,7,4,6,6,nan,nan,nan
11/12/2024 19:52:28,1.17.0,Bandit,72,4.16,nan,30,80,20,LeftinTimeOut,Left,7,4,6,6,nan,nan,nan
11/12/2024 19:52:31,1.17.0,Bandit,72,4.15,nan,30,80,20,LeftinTimeOut,Left,7,4,6,6,nan,nan,nan
11/12/2024 19:52:36,1.17.0,Bandit,72,4.15,nan,30,80,20,RightinTimeout,Left,7,4,6,6,nan,nan,0.00
11/12/2024 19:52:54,1.17.0,Bandit,72,4.15,nan,30,80,20,Left,Left,8,4,6,6,nan,nan,0.15
11/12/2024 19:52:57,1.17.0,Bandit,72,4.15,nan,30,80,20,LeftinTimeOut,Left,8,4,6,6,nan,nan,nan
11/12/2024 19:52:59,1.17.0,Bandit,72,4.15,nan,30,80,20,RightinTimeout,Left,8,4,6,6,nan,nan,0.00
11/12/2024 19:53:06,1.17.0,Bandit,72,4.15,nan,30,80,20,LeftinTimeOut,Left,8,4,6,6,nan,nan,nan
11/12/2024 19:53:15,1.17.0,Bandit,72,4.15,nan,30,80,20,LeftinTimeOut,Left,8,4,6,6,nan,nan,nan
11/12/2024 19:53:18,1.17.0,Bandit,72,4.16,nan,30,80,20,RightinTimeout,Left,8,4,6,6,nan,nan,0.00
11/12/2024 19:53:23,1.17.0,Bandit,72,4.14,nan,30,80,20,LeftinTimeOut,Left,8,4,6,6,nan,nan,nan
11/12/2024 19:53:26,1.17.0,Bandit,72,4.15,nan,30,80,20,LeftinTimeOut,Left,8,4,6,6,nan,nan,nan
11/12/2024 19:53:33,1.17.0,Bandit,72,4.15,nan,30,80,20,RightinTimeout,Left,8,4,6,6,nan,nan,0.00
11/12/2024 19:53:34,1.17.0,Bandit,72,4.15,nan,30,80,20,RightinTimeout,Left,8,4,6,6,nan,nan,0.00
11/12/2024 19:53:40,1.17.0,Bandit,72,4.15,nan,30,80,20,LeftinTimeOut,Left,8,4,6,6,nan,nan,nan
11/12/2024 19:53:40,1.17.0,Bandit,72,4.15,nan,30,80,20,LeftinTimeOut,Left,8,4,6,6,nan,nan,nan
11/12/2024 19:54:02,1.17.0,Bandit,72,4.15,nan,30,80,20,Right,Left,8,5,6,6,nan,nan,0.14
11/12/2024 19:54:03,1.17.0,Bandit,72,4.15,nan,30,80,20,RightinTimeout,Left,8,5,6,6,nan,nan,0.00
11/12/2024 19:54:06,1.17.0,Bandit,72,4.15,nan,30,80,20,RightinTimeout,Left,8,5,6,6,nan,nan,0.00
11/12/2024 19:54:11,1.17.0,Bandit,72,4.15,nan,30,80,20,LeftinTimeOut,Left,8,5,6,6,nan,nan,nan
11/12/2024 19:54:23,1.17.0,Bandit,72,4.16,nan,30,80,20,Left,Left,9,5,6,6,nan,nan,0.18
11/12/2024 19:54:27,1.17.0,Bandit,72,4.16,nan,30,80,20,RightinTimeout,Left,9,5,6,6,nan,nan,0.00
11/12/2024 19:54:34,1.17.0,Bandit,72,4.16,nan,30,80,20,LeftinTimeOut,Left,9,5,6,6,nan,nan,nan
11/12/2024 19:54:34,1.17.0,Bandit,72,4.15,nan,30,80,20,LeftinTimeOut,Left,9,5,6,6,nan,nan,nan
11/12/2024 19:54:38,1.17.0,Bandit,72,4.15,nan,30,80,20,RightinTimeout,Left,9,5,6,6,nan,nan,0.00
11/12/2024 19:54:42,1.17.0,Bandit,72,4.16,nan,30,80,20,RightinTimeout,Left,9,5,6,6,nan,nan,0.00
11/12/2024 19:54:56,1.17.0,Bandit,72,4.15,nan,30,80,20,Left,Left,10,5,6,6,nan,nan,0.08
11/12/2024 19:55:01,1.17.0,Bandit,72,4.14,1,30,80,20,Pellet,Left,10,5,7,6,1.25,171,nan
11/12/2024 19:55:16,1.17.0,Bandit,72,4.15,nan,30,80,20,Left,Left,11,5,7,7,nan,nan,0.18
11/12/2024 19:55:28,1.17.0,Bandit,72,4.15,2,30,80,20,Pellet,Left,11,5,8,7,8.55,28,nan
11/12/2024 19:55:53,1.17.0,Bandit,72,4.15,nan,30,80,20,Left,Left,12,5,8,8,nan,nan,0.14
11/12/2024 19:55:57,1.17.0,Bandit,72,4.15,1,30,80,20,Pellet,Left,12,5,9,8,0.46,29,nan
11/12/2024 19:56:16,1.17.0,Bandit,72,4.15,nan,30,80,20,Left,Left,13,5,9,9,nan,nan,0.14
11/12/2024 19:57:12,1.17.0,Bandit,72,4.15,nan,30,80,20,Left,Left,14,5,9,9,nan,nan,0.15
11/12/2024 19:57:17,1.17.0,Bandit,72,4.15,1,30,80,20,Pellet,Left,14,5,10,9,1.80,80,nan
11/12/2024 19:57:37,1.17.0,Bandit,72,4.15,nan,30,80,20,Left,Left,15,5,10,10,nan,nan,0.04
11/12/2024 19:57:41,1.17.0,Bandit,72,4.15,1,30,80,20,Pellet,Left,15,5,11,10,0.46,24,nan
11/12/2024 19:58:00,1.17.0,Bandit,72,4.15,nan,30,80,20,Left,Left,16,5,11,11,nan,nan,0.06
11/12/2024 19:58:04,1.17.0,Bandit,72,4.15,1,30,80,20,Pellet,Left,16,5,12,11,0.58,23,nan
11/12/2024 19:58:27,1.17.0,Bandit,72,4.15,nan,30,80,20,Left,Left,17,5,12,12,nan,nan,0.21
11/12/2024 19:58:31,1.17.0,Bandit,72,4.15,1,30,80,20,Pellet,Left,17,5,13,12,0.46,27,nan
11/12/2024 19:59:00,1.17.0,Bandit,72,4.16,nan,30,80,20,Left,Left,18,5,13,13,nan,nan,0.18
11/12/2024 19:59:26,1.17.0,Bandit,72,4.15,nan,30,80,20,LeftWithPellet,Left,18,5,13,13,nan,nan,0.16
11/12/2024 19:59:28,1.17.0,Bandit,72,4.15,nan,30,80,20,LeftWithPellet,Left,18,5,13,13,nan,nan,0.10
11/12/2024 19:59:30,1.17.0,Bandit,72,4.15,2,30,80,20,Pellet,Left,18,5,14,13,24.49,59,nan
11/12/2024 20:00:43,1.17.0,Bandit,72,4.15,nan,30,80,20,Left,Left,19,5,14,14,nan,nan,0.11
11/12/2024 20:00:49,1.17.0,Bandit,72,4.15,2,30,80,20,Pellet,Left,19,5,15,14,0.82,79,nan
11/12/2024 20:01:26,1.17.0,Bandit,72,4.15,nan,30,80,20,Left,Left,20,5,15,15,nan,nan,0.09
11/12/2024 20:01:30,1.17.0,Bandit,72,4.15,1,30,80,20,Pellet,Left,20,5,16,15,0.46,41,nan
11/12/2024 20:02:10,1.17.0,Bandit,72,4.14,nan,30,80,20,Left,Left,21,5,16,16,nan,nan,0.12
11/12/2024 20:02:15,1.17.0,Bandit,72,4.15,nan,30,80,20,LeftinTimeOut,Left,21,5,16,16,nan,nan,nan
11/12/2024 20:02:20,1.17.0,Bandit,72,4.15,nan,30,80,20,RightinTimeout,Left,21,5,16,16,nan,nan,0.00
11/12/2024 20:03:18,1.17.0,Bandit,72,4.15,nan,30,80,20,Left,Left,22,5,16,16,nan,nan,0.00
11/12/2024 20:03:22,1.17.0,Bandit,72,4.15,1,30,80,20,Pellet,Left,22,5,17,16,0.46,112,nan
11/12/2024 20:03:27,1.17.0,Bandit,72,4.15,nan,30,80,20,Right,Left,22,6,17,17,nan,nan,0.14
11/12/2024 20:03:31,1.17.0,Bandit,72,4.14,nan,30,80,20,RightinTimeout,Left,22,6,17,17,nan,nan,0.00
11/12/2024 20:03:40,1.17.0,Bandit,72,4.15,nan,30,80,20,LeftinTimeOut,Left,22,6,17,17,nan,nan,nan
11/12/2024 20:03:42,1.17.0,Bandit,72,4.15,nan,30,80,20,LeftinTimeOut,Left,22,6,17,17,nan,nan,nan
11/12/2024 20:03:45,1.17.0,Bandit,72,4.16,nan,30,80,20,RightinTimeout,Left,22,6,17,17,nan,nan,0.00
11/12/2024 20:03:50,1.17.0,Bandit,72,4.15,nan,30,80,20,LeftinTimeOut,Left,22,6,17,17,nan,nan,nan
11/12/2024 20:03:51,1.17.0,Bandit,72,4.14,nan,30,80,20,LeftinTimeOut,Left,22,6,17,17,nan,nan,nan
11/12/2024 20:03:53,1.17.0,Bandit,72,4.15,nan,30,80,20,LeftinTimeOut,Left,22,6,17,17,nan,nan,nan
11/12/2024 20:03:53,1.17.0,Bandit,72,4.15,nan,30,80,20,LeftinTimeOut,Left,22,6,17,17,nan,nan,nan
11/12/2024 20:04:04,1.17.0,Bandit,72,4.15,nan,30,80,20,Left,Left,23,6,17,17,nan,nan,0.14
11/12/2024 20:04:07,1.17.0,Bandit,72,4.16,1,30,80,20,Pellet,Left,23,6,18,17,0.46,45,nan
11/12/2024 20:04:29,1.17.0,Bandit,72,4.15,nan,30,80,20,Left,Left,24,6,18,18,nan,nan,0.12
11/12/2024 20:04:33,1.17.0,Bandit,72,4.14,nan,30,80,20,LeftinTimeOut,Left,24,6,18,18,nan,nan,nan
11/12/2024 20:04:38,1.17.0,Bandit,72,4.15,nan,30,80,20,LeftinTimeOut,Left,24,6,18,18,nan,nan,nan
11/12/2024 20:05:42,1.17.0,Bandit,72,4.15,nan,30,80,20,Left,Left,25,6,18,18,nan,nan,0.05
11/12/2024 20:05:46,1.17.0,Bandit,72,4.15,nan,30,80,20,LeftinTimeOut,Left,25,6,18,18,nan,nan,nan
11/12/2024 20:05:54,1.17.0,Bandit,72,4.15,nan,30,80,20,RightinTimeout,Left,25,6,18,18,nan,nan,0.00
11/12/2024 20:05:55,1.17.0,Bandit,72,4.15,nan,30,80,20,RightinTimeout,Left,25,6,18,18,nan,nan,0.00
11/12/2024 20:05:56,1.17.0,Bandit,72,4.15,nan,30,80,20,RightinTimeout,Left,25,6,18,18,nan,nan,0.00
11/12/2024 20:06:01,1.17.0,Bandit,72,4.15,nan,30,80,20,LeftinTimeOut,Left,25,6,18,18,nan,nan,nan
11/12/2024 20:06:14,1.17.0,Bandit,72,4.15,nan,30,80,20,Left,Left,26,6,18,18,nan,nan,0.24
11/12/2024 20:06:18,1.17.0,Bandit,72,4.15,1,30,80,20,Pellet,Left,26,6,19,18,0.46,130,nan
11/12/2024 20:06:48,1.17.0,Bandit,72,4.15,nan,30,80,20,Left,Left,27,6,19,19,nan,nan,0.00
11/12/2024 20:06:54,1.17.0,Bandit,72,4.15,2,30,80,20,Pellet,Left,27,6,20,19,0.46,37,nan
11/12/2024 20:06:58,1.17.0,Bandit,72,4.15,nan,30,80,20,Left,Left,28,6,20,20,nan,nan,0.49
11/12/2024 20:07:02,1.17.0,Bandit,72,4.15,1,30,80,20,Pellet,Left,28,6,21,20,0.70,8,nan
11/12/2024 20:07:05,1.17.0,Bandit,72,4.15,nan,30,80,20,Left,Left,29,6,21,21,nan,nan,0.06
11/12/2024 20:07:11,1.17.0,Bandit,72,4.15,nan,30,80,20,RightWithPellet,Left,29,7,21,21,nan,nan,0.65
11/12/2024 20:07:24,1.17.0,Bandit,72,4.15,nan,30,80,20,LeftWithPellet,Left,29,7,21,21,nan,nan,0.10
11/12/2024 20:07:27,1.17.0,Bandit,72,4.15,1,30,80,20,Pellet,Left,29,7,22,21,18.41,25,nan
11/12/2024 20:07:46,1.17.0,Bandit,72,4.15,nan,30,80,20,Right,Left,29,8,22,22,nan,nan,0.04
11/12/2024 20:07:52,1.17.0,Bandit,72,4.15,nan,30,80,20,RightinTimeout,Left,29,8,22,22,nan,nan,0.00
11/12/2024 20:07:52,1.17.0,Bandit,72,4.15,nan,30,80,20,RightinTimeout,Left,29,8,22,22,nan,nan,0.00
11/12/2024 20:07:55,1.17.0,Bandit,72,4.15,nan,30,80,20,RightinTimeout,Left,29,8,22,22,nan,nan,0.00
11/12/2024 20:07:55,1.17.0,Bandit,72,4.15,nan,30,80,20,RightinTimeout,Left,29,8,22,22,nan,nan,0.00
11/12/2024 20:07:58,1.17.0,Bandit,72,4.15,nan,30,80,20,LeftinTimeOut,Left,29,8,22,22,nan,nan,nan
11/12/2024 20:07:59,1.17.0,Bandit,72,4.15,nan,30,80,20,LeftinTimeOut,Left,29,8,22,22,nan,nan,nan
11/12/2024 20:08:00,1.17.0,Bandit,72,4.16,nan,30,80,20,LeftinTimeOut,Left,29,8,22,22,nan,nan,nan
11/12/2024 20:08:09,1.17.0,Bandit,72,4.15,nan,30,80,20,LeftinTimeOut,Left,29,8,22,22,nan,nan,nan
11/12/2024 20:08:18,1.17.0,Bandit,72,4.14,nan,30,80,20,RightinTimeout,Left,29,8,22,22,nan,nan,0.00
11/12/2024 20:08:18,1.17.0,Bandit,72,4.15,nan,30,80,20,RightinTimeout,Left,29,8,22,22,nan,nan,0.00
11/12/2024 20:08:21,1.17.0,Bandit,72,4.15,nan,30,80,20,RightinTimeout,Left,29,8,22,22,nan,nan,0.00
11/12/2024 20:09:02,1.17.0,Bandit,72,4.15,nan,30,80,20,Left,Left,30,8,22,22,nan,nan,0.24
11/12/2024 20:09:06,1.17.0,Bandit,72,4.15,1,30,80,20,Pellet,Left,30,8,23,22,0.46,99,nan
11/12/2024 20:09:25,1.17.0,Bandit,72,4.14,nan,30,80,20,Left,Left,31,8,23,23,nan,nan,0.07
11/12/2024 20:09:29,1.17.0,Bandit,72,4.15,1,30,80,20,Pellet,Left,31,8,24,23,0.95,23,nan
11/12/2024 20:10:45,1.17.0,Bandit,72,4.15,nan,30,80,20,Left,Left,32,8,24,24,nan,nan,0.56
11/12/2024 20:10:56,1.17.0,Bandit,72,4.15,nan,30,80,20,LeftinTimeOut,Left,32,8,24,24,nan,nan,nan
11/12/2024 20:11:01,1.17.0,Bandit,72,4.15,nan,30,80,20,LeftinTimeOut,Left,32,8,24,24,nan,nan,nan
11/12/2024 20:11:01,1.17.0,Bandit,72,4.15,nan,30,80,20,LeftinTimeOut,Left,32,8,24,24,nan,nan,nan
11/12/2024 20:11:04,1.17.0,Bandit,72,4.15,nan,30,80,20,LeftinTimeOut,Left,32,8,24,24,nan,nan,nan
11/12/2024 20:11:12,1.17.0,Bandit,72,4.15,nan,30,80,20,RightinTimeout,Left,32,8,24,24,nan,nan,0.00
11/12/2024 20:11:13,1.17.0,Bandit,72,4.15,nan,30,80,20,RightinTimeout,Left,32,8,24,24,nan,nan,0.00
11/12/2024 20:11:13,1.17.0,Bandit,72,4.16,nan,30,80,20,RightinTimeout,Left,32,8,24,24,nan,nan,0.00
11/12/2024 20:11:14,1.17.0,Bandit,72,4.15,nan,30,80,20,RightinTimeout,Left,32,8,24,24,nan,nan,0.00
11/12/2024 20:11:16,1.17.0,Bandit,72,4.15,nan,30,80,20,RightinTimeout,Left,32,8,24,24,nan,nan,0.00
11/12/2024 20:11:39,1.17.0,Bandit,72,4.15,nan,30,80,20,Right,Left,32,9,24,24,nan,nan,0.18
11/12/2024 20:11:41,1.17.0,Bandit,72,4.14,nan,30,80,20,RightinTimeout,Left,32,9,24,24,nan,nan,0.00
11/12/2024 20:11:43,1.17.0,Bandit,72,4.15,nan,30,80,20,LeftinTimeOut,Left,32,9,24,24,nan,nan,nan
11/12/2024 20:11:44,1.17.0,Bandit,72,4.15,nan,30,80,20,LeftinTimeOut,Left,32,9,24,24,nan,nan,nan
11/12/2024 20:11:45,1.17.0,Bandit,72,4.15,nan,30,80,20,LeftinTimeOut,Left,32,9,24,24,nan,nan,nan
11/12/2024 20:11:46,1.17.0,Bandit,72,4.15,nan,30,80,20,LeftinTimeOut,Left,32,9,24,24,nan,nan,nan
11/12/2024 20:11:51,1.17.0,Bandit,72,4.14,nan,30,80,20,LeftinTimeOut,Left,32,9,24,24,nan,nan,nan
11/12/2024 20:11:55,1.17.0,Bandit,72,4.15,nan,30,80,20,RightinTimeout,Left,32,9,24,24,nan,nan,0.00
11/12/2024 20:11:55,1.17.0,Bandit,72,4.15,nan,30,80,20,RightinTimeout,Left,32,9,24,24,nan,nan,0.00
11/12/2024 20:11:58,1.17.0,Bandit,72,4.15,nan,30,80,20,LeftinTimeOut,Left,32,9,24,24,nan,nan,nan
11/12/2024 20:12:00,1.17.0,Bandit,72,4.15,nan,30,80,20,LeftinTimeOut,Left,32,9,24,24,nan,nan,nan
11/12/2024 20:13:23,1.17.0,Bandit,72,4.16,nan,30,80,20,Right,Left,32,10,24,24,nan,nan,0.00
11/12/2024 20:13:27,1.17.0,Bandit,72,4.15,nan,30,80,20,LeftinTimeOut,Left,32,10,24,24,nan,nan,nan
11/12/2024 20:13:28,1.17.0,Bandit,72,4.15,nan,30,80,20,LeftinTimeOut,Left,32,10,24,24,nan,nan,nan
11/12/2024 20:13:31,1.17.0,Bandit,72,4.15,nan,30,80,20,LeftinTimeOut,Left,32,10,24,24,nan,nan,nan
11/12/2024 20:13:31,1.17.0,Bandit,72,4.14,nan,30,80,20,LeftinTimeOut,Left,32,10,24,24,nan,nan,nan
11/12/2024 20:13:44,1.17.0,Bandit,72,4.14,nan,30,80,20,Left,Left,33,10,24,24,nan,nan,0.34
11/12/2024 20:13:48,1.17.0,Bandit,72,4.15,1,30,80,20,Pellet,Left,33,10,25,24,0.46,258,nan
11/12/2024 20:14:17,1.17.0,Bandit,72,4.15,nan,30,80,20,Left,Left,34,10,25,25,nan,nan,0.11
11/12/2024 20:14:23,1.17.0,Bandit,72,4.15,nan,30,80,20,LeftinTimeOut,Left,34,10,25,25,nan,nan,nan
11/12/2024 20:14:59,1.17.0,Bandit,72,4.14,nan,30,80,20,Left,Left,35,10,25,25,nan,nan,0.65
11/12/2024 20:15:03,1.17.0,Bandit,72,4.15,1,30,80,20,Pellet,Left,35,10,26,25,0.46,75,nan
11/12/2024 20:15:41,1.17.0,Bandit,72,4.15,nan,30,80,20,Left,Left,36,10,26,26,nan,nan,0.06
11/12/2024 20:15:47,1.17.0,Bandit,72,4.15,2,30,80,20,Pellet,Left,36,10,27,26,0.46,45,nan
11/12/2024 20:16:19,1.17.0,Bandit,72,4.15,nan,30,80,20,Left,Left,37,10,27,27,nan,nan,0.19
11/12/2024 20:16:23,1.17.0,Bandit,72,4.15,1,30,80,20,Pellet,Left,37,10,28,27,0.46,36,nan
11/12/2024 20:16:50,1.17.0,Bandit,72,4.15,nan,30,80,20,Left,Left,38,10,28,28,nan,nan,0.11
11/12/2024 20:16:54,1.17.0,Bandit,72,4.15,1,30,80,20,Pellet,Left,38,10,29,28,0.46,31,nan
11/12/2024 20:17:29,1.17.0,Bandit,72,4.15,nan,30,80,20,Left,Left,39,10,29,29,nan,nan,0.18
11/12/2024 20:17:33,1.17.0,Bandit,72,4.15,2,30,80,20,Pellet,Left,39,10,30,29,0.46,39,nan
11/12/2024 20:18:00,1.17.0,Bandit,72,4.15,nan,30,20,80,Left,Right,40,10,30,0,nan,nan,0.10
11/12/2024 20:18:02,1.17.0,Bandit,72,4.14,nan,30,20,80,LeftinTimeOut,Right,40,10,30,0,nan,nan,nan
11/12/2024 20:18:04,1.17.0,Bandit,72,4.15,nan,30,20,80,LeftinTimeOut,Right,40,10,30,0,nan,nan,nan
11/12/2024 20:18:27,1.17.0,Bandit,72,4.14,nan,30,20,80,Left,Right,41,10,30,0,nan,nan,0.15
11/12/2024 20:18:29,1.17.0,Bandit,72,4.14,nan,30,20,80,LeftinTimeOut,Right,41,10,30,0,nan,nan,nan
11/12/2024 20:19:08,1.17.0,Bandit,72,4.15,nan,30,20,80,Right,Right,41,11,30,0,nan,nan,0.33
11/12/2024 20:19:12,1.17.0,Bandit,72,4.15,1,30,20,80,Pellet,Right,41,11,31,0,0.46,99,nan
11/12/2024 20:19:37,1.17.0,Bandit,72,4.15,nan,30,20,80,Left,Right,42,11,31,1,nan,nan,0.04
11/12/2024 20:19:41,1.17.0,Bandit,72,4.15,1,30,20,80,Pellet,Right,42,11,32,1,0.46,28,nan
11/12/2024 20:20:04,1.17.0,Bandit,72,4.15,nan,30,20,80,Left,Right,43,11,32,2,nan,nan,0.05
11/12/2024 20:20:14,1.17.0,Bandit,72,4.14,nan,30,20,80,LeftinTimeOut,Right,43,11,32,2,nan,nan,nan
11/12/2024 20:20:17,1.17.0,Bandit,72,4.15,nan,30,20,80,LeftinTimeOut,Right,43,11,32,2,nan,nan,nan
11/12/2024 20:20:27,1.17.0,Bandit,72,4.15,nan,30,20,80,Right,Right,43,12,32,2,nan,nan,0.17
11/12/2024 20:20:31,1.17.0,Bandit,72,4.15,1,30,20,80,Pellet,Right,43,12,33,2,0.52,51,nan
11/12/2024 20:21:04,1.17.0,Bandit,72,4.14,nan,30,20,80,Left,Right,44,12,33,3,nan,nan,0.06
11/12/2024 20:21:27,1.17.0,Bandit,72,4.15,nan,30,20,80,Left,Right,45,12,33,3,nan,nan,0.28
11/12/2024 20:21:29,1.17.0,Bandit,72,4.15,nan,30,20,80,RightinTimeout,Right,45,12,33,3,nan,nan,0.00
11/12/2024 20:21:30,1.17.0,Bandit,72,4.15,nan,30,20,80,RightinTimeout,Right,45,12,33,3,nan,nan,0.00
11/12/2024 20:21:34,1.17.0,Bandit,72,4.14,nan,30,20,80,LeftinTimeOut,Right,45,12,33,3,nan,nan,nan
11/12/2024 20:21:46,1.17.0,Bandit,72,4.15,nan,30,20,80,Left,Right,46,12,33,3,nan,nan,0.19
11/12/2024 20:22:03,1.17.0,Bandit,72,4.15,nan,30,20,80,Left,Right,47,12,33,3,nan,nan,0.08
11/12/2024 20:22:05,1.17.0,Bandit,72,4.15,nan,30,20,80,RightinTimeout,Right,47,12,33,3,nan,nan,0.00
11/12/2024 20:22:06,1.17.0,Bandit,72,4.15,nan,30,20,80,RightinTimeout,Right,47,12,33,3,nan,nan,0.00
11/12/2024 20:22:07,1.17.0,Bandit,72,4.15,nan,30,20,80,RightinTimeout,Right,47,12,33,3,nan,nan,0.00
11/12/2024 20:22:59,1.17.0,Bandit,72,4.15,nan,30,20,80,Left,Right,48,12,33,3,nan,nan,0.04
11/12/2024 20:23:02,1.17.0,Bandit,72,4.14,nan,30,20,80,LeftinTimeOut,Right,48,12,33,3,nan,nan,nan
11/12/2024 20:23:06,1.17.0,Bandit,72,4.14,nan,30,20,80,RightinTimeout,Right,48,12,33,3,nan,nan,0.00
11/12/2024 20:23:06,1.17.0,Bandit,72,4.15,nan,30,20,80,RightinTimeout,Right,48,12,33,3,nan,nan,0.00
11/12/2024 20:23:08,1.17.0,Bandit,72,4.14,nan,30,20,80,RightinTimeout,Right,48,12,33,3,nan,nan,0.00
11/12/2024 20:23:12,1.17.0,Bandit,72,4.14,nan,30,20,80,RightinTimeout,Right,48,12,33,3,nan,nan,0.00
11/12/2024 20:23:13,1.17.0,Bandit,72,4.15,nan,30,20,80,RightinTimeout,Right,48,12,33,3,nan,nan,0.00
11/12/2024 20:23:17,1.17.0,Bandit,72,4.15,nan,30,20,80,LeftinTimeOut,Right,48,12,33,3,nan,nan,nan
11/12/2024 20:23:19,1.17.0,Bandit,72,4.15,nan,30,20,80,LeftinTimeOut,Right,48,12,33,3,nan,nan,nan
11/12/2024 20:23:22,1.17.0,Bandit,72,4.14,nan,30,20,80,LeftinTimeOut,Right,48,12,33,3,nan,nan,nan
11/12/2024 20:23:23,1.17.0,Bandit,72,4.15,nan,30,20,80,LeftinTimeOut,Right,48,12,33,3,nan,nan,nan
11/12/2024 20:23:27,1.17.0,Bandit,72,4.15,nan,30,20,80,LeftinTimeOut,Right,48,12,33,3,nan,nan,nan
11/12/2024 20:23:28,1.17.0,Bandit,72,4.15,nan,30,20,80,LeftinTimeOut,Right,48,12,33,3,nan,nan,nan
11/12/2024 20:23:29,1.17.0,Bandit,72,4.15,nan,30,20,80,LeftinTimeOut,Right,48,12,33,3,nan,nan,nan
11/12/2024 20:23:29,1.17.0,Bandit,72,4.14,nan,30,20,80,LeftinTimeOut,Right,48,12,33,3,nan,nan,nan
11/12/2024 20:23:39,1.17.0,Bandit,72,4.15,nan,30,20,80,LeftinTimeOut,Right,48,12,33,3,nan,nan,nan
11/12/2024 20:23:41,1.17.0,Bandit,72,4.14,nan,30,20,80,LeftinTimeOut,Right,48,12,33,3,nan,nan,nan
11/12/2024 20:23:42,1.17.0,Bandit,72,4.15,nan,30,20,80,LeftinTimeOut,Right,48,12,33,3,nan,nan,nan
11/12/2024 20:23:46,1.17.0,Bandit,72,4.15,nan,30,20,80,LeftinTimeOut,Right,48,12,33,3,nan,nan,nan
11/12/2024 20:23:51,1.17.0,Bandit,72,4.15,nan,30,20,80,LeftinTimeOut,Right,48,12,33,3,nan,nan,nan
11/12/2024 20:23:54,1.17.0,Bandit,72,4.15,nan,30,20,80,LeftinTimeOut,Right,48,12,33,3,nan,nan,nan
11/12/2024 20:24:00,1.17.0,Bandit,72,4.15,nan,30,20,80,RightinTimeout,Right,48,12,33,3,nan,nan,0.00
11/12/2024 20:24:01,1.17.0,Bandit,72,4.15,nan,30,20,80,RightinTimeout,Right,48,12,33,3,nan,nan,0.00
11/12/2024 20:24:02,1.17.0,Bandit,72,4.15,nan,30,20,80,RightinTimeout,Right,48,12,33,3,nan,nan,0.00
11/12/2024 20:24:19,1.17.0,Bandit,72,4.15,nan,30,20,80,Left,Right,49,12,33,3,nan,nan,0.53
11/12/2024 20:24:20,1.17.0,Bandit,72,4.15,nan,30,20,80,LeftinTimeOut,Right,49,12,33,3,nan,nan,nan
11/12/2024 20:24:23,1.17.0,Bandit,72,4.14,nan,30,20,80,RightinTimeout,Right,49,12,33,3,nan,nan,0.00
11/12/2024 20:24:47,1.17.0,Bandit,72,4.15,nan,30,20,80,Left,Right,50,12,33,3,nan,nan,0.14
11/12/2024 20:24:49,1.17.0,Bandit,72,4.15,nan,30,20,80,LeftinTimeOut,Right,50,12,33,3,nan,nan,nan
11/12/2024 20:24:50,1.17.0,Bandit,72,4.14,nan,30,20,80,LeftinTimeOut,Right,50,12,33,3,nan,nan,nan
11/12/2024 20:24:54,1.17.0,Bandit,72,4.15,nan,30,20,80,RightinTimeout,Right,50,12,33,3,nan,nan,0.00
11/12/2024 20:24:58,1.17.0,Bandit,72,4.14,nan,30,20,80,RightinTimeout,Right,50,12,33,3,nan,nan,0.00
11/12/2024 20:25:02,1.17.0,Bandit,72,4.15,nan,30,20,80,RightinTimeout,Right,50,12,33,3,nan,nan,0.00
11/12/2024 20:25:02,1.17.0,Bandit,72,4.14,nan,30,20,80,RightinTimeout,Right,50,12,33,3,nan,nan,0.00
11/12/2024 20:25:10,1.17.0,Bandit,72,4.14,nan,30,20,80,LeftinTimeOut,Right,50,12,33,3,nan,nan,nan
11/12/2024 20:25:13,1.17.0,Bandit,72,4.14,nan,30,20,80,RightinTimeout,Right,50,12,33,3,nan,nan,0.00
11/12/2024 20:25:17,1.17.0,Bandit,72,4.15,nan,30,20,80,LeftinTimeOut,Right,50,12,33,3,nan,nan,nan
11/12/2024 20:25:45,1.17.0,Bandit,72,4.15,nan,30,20,80,Right,Right,50,13,33,3,nan,nan,0.29
11/12/2024 20:25:49,1.17.0,Bandit,72,4.15,1,30,20,80,Pellet,Right,50,13,34,3,0.46,318,nan
11/12/2024 20:26:08,1.17.0,Bandit,72,4.15,nan,30,20,80,Right,Right,50,14,34,4,nan,nan,0.10
11/12/2024 20:26:14,1.17.0,Bandit,72,4.15,2,30,20,80,Pellet,Right,50,14,35,4,0.46,24,nan
11/12/2024 20:26:36,1.17.0,Bandit,72,4.14,nan,30,20,80,Right,Right,50,15,35,5,nan,nan,0.12
11/12/2024 20:26:40,1.17.0,Bandit,72,4.14,1,30,20,80,Pellet,Right,50,15,36,5,0.46,27,nan
11/12/2024 20:27:01,1.17.0,Bandit,72,4.14,nan,30,20,80,Right,Right,50,16,36,6,nan,nan,0.10
11/12/2024 20:27:12,1.17.0,Bandit,72,4.15,nan,30,20,80,LeftinTimeOut,Right,50,16,36,6,nan,nan,nan
11/12/2024 20:27:13,1.17.0,Bandit,72,4.14,nan,30,20,80,LeftinTimeOut,Right,50,16,36,6,nan,nan,nan
11/12/2024 20:27:25,1.17.0,Bandit,72,4.15,nan,30,20,80,Left,Right,51,16,36,6,nan,nan,0.17
11/12/2024 20:27:26,1.17.0,Bandit,72,4.14,nan,30,20,80,LeftinTimeOut,Right,51,16,36,6,nan,nan,nan
11/12/2024 20:27:28,1.17.0,Bandit,72,4.15,nan,30,20,80,LeftinTimeOut,Right,51,16,36,6,nan,nan,nan
11/12/2024 20:27:28,1.17.0,Bandit,72,4.15,nan,30,20,80,LeftinTimeOut,Right,51,16,36,6,nan,nan,nan
11/12/2024 20:27:33,1.17.0,Bandit,72,4.14,nan,30,20,80,RightinTimeout,Right,51,16,36,6,nan,nan,0.00
11/12/2024 20:27:54,1.17.0,Bandit,72,4.14,nan,30,20,80,Left,Right,52,16,36,6,nan,nan,0.30
11/12/2024 20:27:55,1.17.0,Bandit,72,4.15,nan,30,20,80,LeftinTimeOut,Right,52,16,36,6,nan,nan,nan
11/12/2024 20:27:57,1.17.0,Bandit,72,4.15,nan,30,20,80,LeftinTimeOut,Right,52,16,36,6,nan,nan,nan
11/12/2024 20:28:00,1.17.0,Bandit,72,4.15,nan,30,20,80,LeftinTimeOut,Right,52,16,36,6,nan,nan,nan
11/12/2024 20:28:05,1.17.0,Bandit,72,4.15,nan,30,20,80,RightinTimeout,Right,52,16,36,6,nan,nan,0.00
11/12/2024 20:28:11,1.17.0,Bandit,72,4.15,nan,30,20,80,LeftinTimeOut,Right,52,16,36,6,nan,nan,nan
11/12/2024 20:28:14,1.17.0,Bandit,72,4.14,nan,30,20,80,RightinTimeout,Right,52,16,36,6,nan,nan,0.00
11/12/2024 20:28:16,1.17.0,Bandit,72,4.15,nan,30,20,80,RightinTimeout,Right,52,16,36,6,nan,nan,0.00
11/12/2024 20:28:20,1.17.0,Bandit,72,4.15,nan,30,20,80,LeftinTimeOut,Right,52,16,36,6,nan,nan,nan
11/12/2024 20:28:25,1.17.0,Bandit,72,4.15,nan,30,20,80,LeftinTimeOut,Right,52,16,36,6,nan,nan,nan
11/12/2024 20:28:26,1.17.0,Bandit,72,4.15,nan,30,20,80,LeftinTimeOut,Right,52,16,36,6,nan,nan,nan
11/12/2024 20:28:29,1.17.0,Bandit,72,4.15,nan,30,20,80,RightinTimeout,Right,52,16,36,6,nan,nan,0.00
11/12/2024 20:28:35,1.17.0,Bandit,72,4.14,nan,30,20,80,RightinTimeout,Right,52,16,36,6,nan,nan,0.00
11/12/2024 20:28:35,1.17.0,Bandit,72,4.15,nan,30,20,80,RightinTimeout,Right,52,16,36,6,nan,nan,0.00
11/12/2024 20:28:36,1.17.0,Bandit,72,4.15,nan,30,20,80,RightinTimeout,Right,52,16,36,6,nan,nan,0.00
11/12/2024 20:28:38,1.17.0,Bandit,72,4.15,nan,30,20,80,LeftinTimeOut,Right,52,16,36,6,nan,nan,nan
11/12/2024 20:28:48,1.17.0,Bandit,72,4.15,nan,30,20,80,Left,Right,53,16,36,6,nan,nan,0.08
11/12/2024 20:28:51,1.17.0,Bandit,72,4.15,nan,30,20,80,LeftinTimeOut,Right,53,16,36,6,nan,nan,nan
11/12/2024 20:28:51,1.17.0,Bandit,72,4.14,nan,30,20,80,LeftinTimeOut,Right,53,16,36,6,nan,nan,nan
11/12/2024 20:29:06,1.17.0,Bandit,72,4.14,nan,30,20,80,Left,Right,54,16,36,6,nan,nan,0.02
11/12/2024 20:29:07,1.17.0,Bandit,72,4.15,nan,30,20,80,LeftinTimeOut,Right,54,16,36,6,nan,nan,nan
11/12/2024 20:29:19,1.17.0,Bandit,72,4.14,nan,30,20,80,Right,Right,54,17,36,6,nan,nan,0.17
11/12/2024 20:29:27,1.17.0,Bandit,72,4.15,3,30,20,80,Pellet,Right,54,17,37,6,0.46,166,nan
11/12/2024 20:29:50,1.17.0,Bandit,72,4.14,nan,30,20,80,Right,Right,54,18,37,7,nan,nan,0.02
11/12/2024 20:29:52,1.17.0,Bandit,72,4.14,nan,30,20,80,RightinTimeout,Right,54,18,37,7,nan,nan,0.00
11/12/2024 20:29:52,1.17.0,Bandit,72,4.14,nan,30,20,80,RightinTimeout,Right,54,18,37,7,nan,nan,0.00
11/12/2024 20:29:54,1.17.0,Bandit,72,4.14,nan,30,20,80,RightinTimeout,Right,54,18,37,7,nan,nan,0.00
11/12/2024 20:29:55,1.17.0,Bandit,72,4.15,nan,30,20,80,RightinTimeout,Right,54,18,37,7,nan,nan,0.00
11/12/2024 20:29:55,1.17.0,Bandit,72,4.14,nan,30,20,80,RightinTimeout,Right,54,18,37,7,nan,nan,0.00
11/12/2024 20:29:58,1.17.0,Bandit,72,4.14,nan,30,20,80,LeftinTimeOut,Right,54,18,37,7,nan,nan,nan
11/12/2024 20:29:59,1.17.0,Bandit,72,4.14,nan,30,20,80,LeftinTimeOut,Right,54,18,37,7,nan,nan,nan
11/12/2024 20:31:08,1.17.0,Bandit,72,4.15,nan,30,20,80,Left,Right,55,18,37,7,nan,nan,0.16
11/12/2024 20:31:10,1.17.0,Bandit,72,4.15,nan,30,20,80,LeftinTimeOut,Right,55,18,37,7,nan,nan,nan
11/12/2024 20:31:13,1.17.0,Bandit,72,4.14,nan,30,20,80,RightinTimeout,Right,55,18,37,7,nan,nan,0.00
11/12/2024 20:31:44,1.17.0,Bandit,72,4.15,nan,30,20,80,Left,Right,56,18,37,7,nan,nan,0.98
11/12/2024 20:32:07,1.17.0,Bandit,72,4.14,3,30,20,80,Pellet,Right,56,18,38,7,15.45,161,nan
11/12/2024 20:32:34,1.17.0,Bandit,72,4.15,nan,30,20,80,Left,Right,57,18,38,8,nan,nan,0.12
11/12/2024 20:32:55,1.17.0,Bandit,72,4.15,nan,30,20,80,Left,Right,58,18,38,8,nan,nan,0.04
11/12/2024 20:32:59,1.17.0,Bandit,72,4.15,1,30,20,80,Pellet,Right,58,18,39,8,0.46,52,nan
11/12/2024 20:33:22,1.17.0,Bandit,72,4.14,nan,30,20,80,Left,Right,59,18,39,9,nan,nan,0.16
11/12/2024 20:33:28,1.17.0,Bandit,72,4.15,nan,30,20,80,LeftinTimeOut,Right,59,18,39,9,nan,nan,nan
11/12/2024 20:33:34,1.17.0,Bandit,72,4.14,nan,30,20,80,LeftinTimeOut,Right,59,18,39,9,nan,nan,nan
11/12/2024 20:33:42,1.17.0,Bandit,72,4.15,nan,30,20,80,LeftinTimeOut,Right,59,18,39,9,nan,nan,nan
11/12/2024 20:33:43,1.17.0,Bandit,72,4.14,nan,30,20,80,LeftinTimeOut,Right,59,18,39,9,nan,nan,nan
11/12/2024 20:33:51,1.17.0,Bandit,72,4.14,nan,30,20,80,LeftinTimeOut,Right,59,18,39,9,nan,nan,nan
11/12/2024 20:33:52,1.17.0,Bandit,72,4.15,nan,30,20,80,LeftinTimeOut,Right,59,18,39,9,nan,nan,nan
11/12/2024 20:34:00,1.17.0,Bandit,72,4.15,nan,30,20,80,LeftinTimeOut,Right,59,18,39,9,nan,nan,nan
11/12/2024 20:34:00,1.17.0,Bandit,72,4.14,nan,30,20,80,LeftinTimeOut,Right,59,18,39,9,nan,nan,nan
11/12/2024 20:34:25,1.17.0,Bandit,72,4.14,nan,30,20,80,Left,Right,60,18,39,9,nan,nan,0.11
11/12/2024 20:34:30,1.17.0,Bandit,72,4.15,nan,30,20,80,RightinTimeout,Right,60,18,39,9,nan,nan,0.00
11/12/2024 20:34:39,1.17.0,Bandit,72,4.15,nan,30,20,80,RightinTimeout,Right,60,18,39,9,nan,nan,0.00
11/12/2024 20:34:48,1.17.0,Bandit,72,4.14,nan,30,20,80,LeftinTimeOut,Right,60,18,39,9,nan,nan,nan
11/12/2024 20:34:51,1.17.0,Bandit,72,4.14,nan,30,20,80,LeftinTimeOut,Right,60,18,39,9,nan,nan,nan
11/12/2024 20:34:51,1.17.0,Bandit,72,4.15,nan,30,20,80,LeftinTimeOut,Right,60,18,39,9,nan,nan,nan
11/12/2024 20:34:57,1.17.0,Bandit,72,4.15,nan,30,20,80,RightinTimeout,Right,60,18,39,9,nan,nan,0.00
11/12/2024 20:34:58,1.17.0,Bandit,72,4.14,nan,30,20,80,RightinTimeout,Right,60,18,39,9,nan,nan,0.00
11/12/2024 20:35:05,1.17.0,Bandit,72,4.14,nan,30,20,80,LeftinTimeOut,Right,60,18,39,9,nan,nan,nan
11/12/2024 20:35:07,1.17.0,Bandit,72,4.15,nan,30,20,80,LeftinTimeOut,Right,60,18,39,9,nan,nan,nan
11/12/2024 20:35:11,1.17.0,Bandit,72,4.14,nan,30,20,80,RightinTimeout,Right,60,18,39,9,nan,nan,0.00
11/12/2024 20:35:11,1.17.0,Bandit,72,4.15,nan,30,20,80,RightinTimeout,Right,60,18,39,9,nan,nan,0.00
11/12/2024 20:35:18,1.17.0,Bandit,72,4.15,nan,30,20,80,RightinTimeout,Right,60,18,39,9,nan,nan,0.00
11/12/2024 20:35:18,1.17.0,Bandit,72,4.14,nan,30,20,80,RightinTimeout,Right,60,18,39,9,nan,nan,0.00
11/12/2024 20:35:19,1.17.0,Bandit,72,4.15,nan,30,20,80,RightinTimeout,Right,60,18,39,9,nan,nan,0.00
11/12/2024 20:35:21,1.17.0,Bandit,72,4.15,nan,30,20,80,LeftinTimeOut,Right,60,18,39,9,nan,nan,nan
11/12/2024 20:35:26,1.17.0,Bandit,72,4.15,nan,30,20,80,LeftinTimeOut,Right,60,18,39,9,nan,nan,nan
11/12/2024 20:35:35,1.17.0,Bandit,72,4.15,nan,30,20,80,LeftinTimeOut,Right,60,18,39,9,nan,nan,nan
11/12/2024 20:35:39,1.17.0,Bandit,72,4.14,nan,30,20,80,RightinTimeout,Right,60,18,39,9,nan,nan,0.00
11/12/2024 20:35:40,1.17.0,Bandit,72,4.14,nan,30,20,80,RightinTimeout,Right,60,18,39,9,nan,nan,0.00
11/12/2024 20:35:40,1.17.0,Bandit,72,4.14,nan,30,20,80,RightinTimeout,Right,60,18,39,9,nan,nan,0.00
11/12/2024 20:35:42,1.17.0,Bandit,72,4.15,nan,30,20,80,RightinTimeout,Right,60,18,39,9,nan,nan,0.00
11/12/2024 20:35:47,1.17.0,Bandit,72,4.15,nan,30,20,80,LeftinTimeOut,Right,60,18,39,9,nan,nan,nan
11/12/2024 20:36:13,1.17.0,Bandit,72,4.15,nan,30,20,80,Left,Right,61,18,39,9,nan,nan,0.10
11/12/2024 20:36:15,1.17.0,Bandit,72,4.15,nan,30,20,80,LeftinTimeOut,Right,61,18,39,9,nan,nan,nan
11/12/2024 20:36:24,1.17.0,Bandit,72,4.14,nan,30,20,80,LeftinTimeOut,Right,61,18,39,9,nan,nan,nan
11/12/2024 20:36:24,1.17.0,Bandit,72,4.14,nan,30,20,80,LeftinTimeOut,Right,61,18,39,9,nan,nan,nan
11/12/2024 20:37:05,1.17.0,Bandit,72,4.15,nan,30,20,80,Left,Right,62,18,39,9,nan,nan,0.41
11/12/2024 20:37:09,1.17.0,Bandit,72,4.15,1,30,20,80,Pellet,Right,62,18,40,9,0.46,250,nan
11/12/2024 20:37:31,1.17.0,Bandit,72,4.15,nan,30,20,80,Left,Right,63,18,40,10,nan,nan,0.07
11/12/2024 20:37:43,1.17.0,Bandit,72,4.14,nan,30,20,80,LeftinTimeOut,Right,63,18,40,10,nan,nan,nan
11/12/2024 20:37:54,1.17.0,Bandit,72,4.14,nan,30,20,80,Right,Right,63,19,40,10,nan,nan,0.18
11/12/2024 20:37:57,1.17.0,Bandit,72,4.14,1,30,20,80,Pellet,Right,63,19,41,10,0.46,48,nan
11/12/2024 20:38:19,1.17.0,Bandit,72,4.14,nan,30,20,80,Right,Right,63,20,41,11,nan,nan,0.23
11/12/2024 20:38:25,1.17.0,Bandit,72,4.15,2,30,20,80,Pellet,Right,63,20,42,11,0.52,28,nan
11/12/2024 20:38:50,1.17.0,Bandit,72,4.15,nan,30,20,80,Right,Right,63,21,42,12,nan,nan,0.11
11/12/2024 20:38:53,1.17.0,Bandit,72,4.14,1,30,20,80,Pellet,Right,63,21,43,12,0.46,28,nan
11/12/2024 20:39:23,1.17.0,Bandit,72,4.14,nan,30,20,80,Right,Right,63,22,43,13,nan,nan,0.10
11/12/2024 20:39:26,1.17.0,Bandit,72,4.15,1,30,20,80,Pellet,Right,63,22,44,13,0.46,33,nan
11/12/2024 20:39:54,1.17.0,Bandit,72,4.15,nan,30,20,80,Right,Right,63,23,44,14,nan,nan,0.12
11/12/2024 20:39:57,1.17.0,Bandit,72,4.15,1,30,20,80,Pellet,Right,63,23,45,14,0.46,31,nan
11/12/2024 20:40:24,1.17.0,Bandit,72,4.15,nan,30,20,80,Right,Right,63,24,45,15,nan,nan,0.17
11/12/2024 20:40:28,1.17.0,Bandit,72,4.14,1,30,20,80,Pellet,Right,63,24,46,15,0.46,31,nan
11/12/2024 20:40:52,1.17.0,Bandit,72,4.15,nan,30,20,80,Right,Right,63,25,46,16,nan,nan,0.07
11/12/2024 20:40:56,1.17.0,Bandit,72,4.15,1,30,20,80,Pellet,Right,63,25,47,16,0.46,28,nan
11/12/2024 20:41:21,1.17.0,Bandit,72,4.14,nan,30,20,80,Right,Right,63,26,47,17,nan,nan,0.10
11/12/2024 20:41:25,1.17.0,Bandit,72,4.14,1,30,20,80,Pellet,Right,63,26,48,17,0.46,28,nan
11/12/2024 20:41:44,1.17.0,Bandit,72,4.14,nan,30,20,80,Right,Right,63,27,48,18,nan,nan,0.33
11/12/2024 20:41:48,1.17.0,Bandit,72,4.14,1,30,20,80,Pellet,Right,63,27,49,18,0.46,24,nan
11/12/2024 20:42:12,1.17.0,Bandit,72,4.15,nan,30,20,80,Right,Right,63,28,49,19,nan,nan,0.00
11/12/2024 20:42:18,1.17.0,Bandit,72,4.14,2,30,20,80,Pellet,Right,63,28,50,19,0.46,30,nan
11/12/2024 20:42:52,1.17.0,Bandit,72,4.14,nan,30,20,80,Right,Right,63,29,50,20,nan,nan,0.08
11/12/2024 20:42:56,1.17.0,Bandit,72,4.14,1,30,20,80,Pellet,Right,63,29,51,20,0.46,37,nan
11/12/2024 20:43:18,1.17.0,Bandit,72,4.14,nan,30,20,80,Right,Right,63,30,51,21,nan,nan,0.16
11/12/2024 20:43:19,1.17.0,Bandit,72,4.14,nan,30,20,80,RightinTimeout,Right,63,30,51,21,nan,nan,0.00
11/12/2024 20:43:20,1.17.0,Bandit,72,4.14,nan,30,20,80,RightinTimeout,Right,63,30,51,21,nan,nan,0.00
11/12/2024 20:43:28,1.17.0,Bandit,72,4.15,nan,30,20,80,RightinTimeout,Right,63,30,51,21,nan,nan,0.00
11/12/2024 20:43:29,1.17.0,Bandit,72,4.15,nan,30,20,80,RightinTimeout,Right,63,30,51,21,nan,nan,0.00
11/12/2024 20:43:29,1.17.0,Bandit,72,4.14,nan,30,20,80,RightinTimeout,Right,63,30,51,21,nan,nan,0.00
11/12/2024 20:44:04,1.17.0,Bandit,72,4.14,nan,30,20,80,Left,Right,64,30,51,21,nan,nan,0.00
11/12/2024 20:44:08,1.17.0,Bandit,72,4.15,1,30,20,80,Pellet,Right,64,30,52,21,0.46,72,nan
11/12/2024 20:44:53,1.17.0,Bandit,72,4.15,nan,30,20,80,Left,Right,65,30,52,22,nan,nan,0.10
11/12/2024 20:44:54,1.17.0,Bandit,72,4.14,nan,30,20,80,LeftinTimeOut,Right,65,30,52,22,nan,nan,nan
11/12/2024 20:45:49,1.17.0,Bandit,72,4.14,nan,30,20,80,Right,Right,65,31,52,22,nan,nan,0.05
11/12/2024 20:45:57,1.17.0,Bandit,72,4.15,2,30,20,80,Pellet,Right,65,31,53,22,1.74,109,nan
11/12/2024 20:47:01,1.17.0,Bandit,72,4.15,nan,30,20,80,Left,Right,66,31,53,23,nan,nan,0.08
11/12/2024 20:47:07,1.17.0,Bandit,72,4.15,nan,30,20,80,LeftinTimeOut,Right,66,31,53,23,nan,nan,nan
11/12/2024 20:47:08,1.17.0,Bandit,72,4.15,nan,30,20,80,LeftinTimeOut,Right,66,31,53,23,nan,nan,nan
11/12/2024 20:47:11,1.17.0,Bandit,72,4.14,nan,30,20,80,LeftinTimeOut,Right,66,31,53,23,nan,nan,nan
11/12/2024 20:47:12,1.17.0,Bandit,72,4.15,nan,30,20,80,RightinTimeout,Right,66,31,53,23,nan,nan,0.00
11/12/2024 20:47:27,1.17.0,Bandit,72,4.15,nan,30,20,80,Right,Right,66,32,53,23,nan,nan,0.22
11/12/2024 20:47:33,1.17.0,Bandit,72,4.14,2,30,20,80,Pellet,Right,66,32,54,23,0.46,97,nan
11/12/2024 20:48:01,1.17.0,Bandit,72,4.15,nan,30,20,80,Right,Right,66,33,54,24,nan,nan,0.12
11/12/2024 20:48:04,1.17.0,Bandit,72,4.15,1,30,20,80,Pellet,Right,66,33,55,24,0.46,31,nan
11/12/2024 20:48:29,1.17.0,Bandit,72,4.14,nan,30,20,80,Right,Right,66,34,55,25,nan,nan,0.01
11/12/2024 20:48:33,1.17.0,Bandit,72,4.15,1,30,20,80,Pellet,Right,66,34,56,25,0.46,29,nan
11/12/2024 20:49:00,1.17.0,Bandit,72,4.14,nan,30,20,80,Right,Right,66,35,56,26,nan,nan,0.02
11/12/2024 20:49:06,1.17.0,Bandit,72,4.14,2,30,20,80,Pellet,Right,66,35,57,26,0.58,33,nan
11/12/2024 20:49:33,1.17.0,Bandit,72,4.14,nan,30,20,80,Right,Right,66,36,57,27,nan,nan,0.16
11/12/2024 20:49:51,1.17.0,Bandit,72,4.14,2,30,20,80,Pellet,Right,66,36,58,27,12.25,45,nan
11/12/2024 20:50:19,1.17.0,Bandit,72,4.14,nan,30,20,80,Right,Right,66,37,58,28,nan,nan,0.08
11/12/2024 20:50:23,1.17.0,Bandit,72,4.14,1,30,20,80,Pellet,Right,66,37,59,28,0.46,32,nan
11/12/2024 20:50:47,1.17.0,Bandit,72,4.14,nan,30,20,80,Right,Right,66,38,59,29,nan,nan,0.18
11/12/2024 20:50:48,1.17.0,Bandit,72,4.14,nan,30,20,80,RightinTimeout,Right,66,38,59,29,nan,nan,0.00
11/12/2024 20:52:52,1.17.0,Bandit,72,4.14,nan,30,20,80,Right,Right,66,39,59,29,nan,nan,0.14
11/12/2024 20:53:18,1.17.0,Bandit,72,4.14,nan,30,20,80,Right,Right,66,40,59,29,nan,nan,0.02
11/12/2024 20:53:22,1.17.0,Bandit,72,4.14,1,30,20,80,Pellet,Right,66,40,60,29,0.46,179,nan
11/12/2024 20:53:48,1.17.0,Bandit,72,4.14,nan,30,80,20,Right,Left,66,41,60,0,nan,nan,0.08
11/12/2024 20:55:29,1.17.0,Bandit,72,4.14,nan,30,80,20,Right,Left,66,42,60,0,nan,nan,0.21
11/12/2024 20:55:58,1.17.0,Bandit,72,4.14,nan,30,80,20,Left,Left,67,42,60,0,nan,nan,0.30
11/12/2024 20:56:02,1.17.0,Bandit,72,4.15,1,30,80,20,Pellet,Left,67,42,61,0,0.46,160,nan
11/12/2024 20:56:18,1.17.0,Bandit,72,4.14,nan,30,80,20,Left,Left,68,42,61,1,nan,nan,0.52
11/12/2024 20:56:22,1.17.0,Bandit,72,4.14,1,30,80,20,Pellet,Left,68,42,62,1,0.46,20,nan
11/12/2024 20:56:44,1.17.0,Bandit,72,4.14,nan,30,80,20,Left,Left,69,42,62,2,nan,nan,0.22
11/12/2024 20:56:48,1.17.0,Bandit,72,4.15,1,30,80,20,Pellet,Left,69,42,63,2,0.46,26,nan
11/12/2024 20:56:52,1.17.0,Bandit,72,4.14,nan,30,80,20,Left,Left,70,42,63,3,nan,nan,0.18
11/12/2024 20:59:58,1.17.0,Bandit,72,4.14,2,30,80,20,Pellet,Left,70,42,64,3,Timed_out,190,nan
11/12/2024 21:00:30,1.17.0,Bandit,72,4.14,nan,30,80,20,Right,Left,70,43,64,4,nan,nan,0.25
11/12/2024 21:01:09,1.17.0,Bandit,72,4.15,nan,30,80,20,Left,Left,71,43,64,4,nan,nan,0.08
11/12/2024 21:01:16,1.17.0,Bandit,72,4.14,1,30,80,20,Pellet,Left,71,43,65,4,3.27,78,nan
11/12/2024 21:01:39,1.17.0,Bandit,72,4.14,nan,30,80,20,Left,Left,72,43,65,5,nan,nan,0.30
11/12/2024 21:01:40,1.17.0,Bandit,72,4.15,nan,30,80,20,RightinTimeout,Left,72,43,65,5,nan,nan,0.00
11/12/2024 21:02:08,1.17.0,Bandit,72,4.14,nan,30,80,20,Right,Left,72,44,65,5,nan,nan,0.19
11/12/2024 21:02:13,1.17.0,Bandit,72,4.14,nan,30,80,20,LeftinTimeOut,Left,72,44,65,5,nan,nan,nan
11/12/2024 21:02:14,1.17.0,Bandit,72,4.14,nan,30,80,20,LeftinTimeOut,Left,72,44,65,5,nan,nan,nan
11/12/2024 21:02:45,1.17.0,Bandit,72,4.14,nan,30,80,20,Left,Left,73,44,65,5,nan,nan,0.17
11/12/2024 21:02:49,1.17.0,Bandit,72,4.14,1,30,80,20,Pellet,Left,73,44,66,5,0.46,93,nan
11/12/2024 21:02:52,1.17.0,Bandit,72,4.14,nan,30,80,20,Right,Left,73,45,66,6,nan,nan,0.15
11/12/2024 21:02:55,1.17.0,Bandit,72,4.14,nan,30,80,20,RightinTimeout,Left,73,45,66,6,nan,nan,0.00
11/12/2024 21:02:57,1.17.0,Bandit,72,4.14,nan,30,80,20,LeftinTimeOut,Left,73,45,66,6,nan,nan,nan
11/12/2024 21:03:00,1.17.0,Bandit,72,4.14,nan,30,80,20,LeftinTimeOut,Left,73,45,66,6,nan,nan,nan
11/12/2024 21:03:04,1.17.0,Bandit,72,4.14,nan,30,80,20,LeftinTimeOut,Left,73,45,66,6,nan,nan,nan
11/12/2024 21:03:05,1.17.0,Bandit,72,4.14,nan,30,80,20,RightinTimeout,Left,73,45,66,6,nan,nan,0.00
11/12/2024 21:03:15,1.17.0,Bandit,72,4.15,nan,30,80,20,LeftinTimeOut,Left,73,45,66,6,nan,nan,nan
11/12/2024 21:03:36,1.17.0,Bandit,72,4.15,nan,30,80,20,Left,Left,74,45,66,6,nan,nan,0.10
11/12/2024 21:03:40,1.17.0,Bandit,72,4.14,1,30,80,20,Pellet,Left,74,45,67,6,0.46,50,nan
11/12/2024 21:04:35,1.17.0,Bandit,72,4.15,nan,30,80,20,Left,Left,75,45,67,7,nan,nan,0.19
11/12/2024 21:04:48,1.17.0,Bandit,72,4.14,3,30,80,20,Pellet,Left,75,45,68,7,5.36,69,nan
11/12/2024 21:05:19,1.17.0,Bandit,72,4.14,nan,30,80,20,Left,Left,76,45,68,8,nan,nan,0.01
11/12/2024 21:05:26,1.17.0,Bandit,72,4.14,2,30,80,20,Pellet,Left,76,45,69,8,0.95,38,nan
11/12/2024 21:06:15,1.17.0,Bandit,72,4.14,nan,30,80,20,Right,Left,76,46,69,9,nan,nan,0.00
11/12/2024 21:08:31,1.17.0,Bandit,72,4.14,nan,30,80,20,Left,Left,77,46,69,9,nan,nan,0.31
11/12/2024 21:17:34,1.17.0,Bandit,72,4.14,nan,30,80,20,Left,Left,78,46,69,9,nan,nan,0.17
11/12/2024 21:17:38,1.17.0,Bandit,72,4.14,1,30,80,20,Pellet,Left,78,46,70,9,0.46,731,nan
11/12/2024 21:18:04,1.17.0,Bandit,72,4.14,nan,30,80,20,Left,Left,79,46,70,10,nan,nan,0.13
11/12/2024 21:18:10,1.17.0,Bandit,72,4.14,2,30,80,20,Pellet,Left,79,46,71,10,0.46,33,nan
11/12/2024 21:18:13,1.17.0,Bandit,72,4.14,nan,30,80,20,Left,Left,80,46,71,11,nan,nan,0.06
11/12/2024 21:20:32,1.17.0,Bandit,72,4.14,nan,30,80,20,RightWithPellet,Left,80,46,71,11,nan,nan,0.27
11/12/2024 21:20:39,1.17.0,Bandit,72,4.14,nan,30,80,20,RightWithPellet,Left,80,46,71,11,nan,nan,0.16
11/12/2024 21:20:40,1.17.0,Bandit,72,4.14,1,30,80,20,Pellet,Left,80,46,72,11,Timed_out,150,nan
11/12/2024 21:21:05,1.17.0,Bandit,72,4.14,nan,30,80,20,Right,Left,80,47,72,12,nan,nan,0.16
11/12/2024 21:21:08,1.17.0,Bandit,72,4.14,nan,30,80,20,LeftinTimeOut,Left,80,47,72,12,nan,nan,nan
11/12/2024 22:37:23,1.17.0,Bandit,72,4.14,nan,30,80,20,Left,Left,81,47,72,12,nan,nan,0.54
11/12/2024 22:40:27,1.17.0,Bandit,72,4.14,nan,30,80,20,Left,Left,82,47,72,12,nan,nan,0.24
11/12/2024 22:40:31,1.17.0,Bandit,72,4.14,1,30,80,20,Pellet,Left,82,47,73,12,0.89,4791,nan
11/12/2024 22:42:57,1.17.0,Bandit,72,4.14,nan,30,80,20,Left,Left,83,47,73,13,nan,nan,0.05
11/12/2024 22:43:01,1.17.0,Bandit,72,4.14,1,30,80,20,Pellet,Left,83,47,74,13,0.46,150,nan
11/12/2024 22:43:30,1.17.0,Bandit,72,4.14,nan,30,80,20,Left,Left,84,47,74,14,nan,nan,0.04
11/12/2024 22:43:36,1.17.0,Bandit,72,4.14,2,30,80,20,Pellet,Left,84,47,75,14,0.46,35,nan
11/12/2024 22:44:05,1.17.0,Bandit,72,4.14,nan,30,80,20,Left,Left,85,47,75,15,nan,nan,0.08
11/12/2024 22:44:09,1.17.0,Bandit,72,4.14,1,30,80,20,Pellet,Left,85,47,76,15,0.46,33,nan
11/12/2024 22:44:46,1.17.0,Bandit,72,4.14,nan,30,80,20,Left,Left,86,47,76,16,nan,nan,0.05
11/12/2024 22:44:50,1.17.0,Bandit,72,4.14,1,30,80,20,Pellet,Left,86,47,77,16,0.46,41,nan
11/12/2024 22:45:23,1.17.0,Bandit,72,4.14,nan,30,80,20,Left,Left,87,47,77,17,nan,nan,0.08
11/12/2024 22:45:27,1.17.0,Bandit,72,4.14,1,30,80,20,Pellet,Left,87,47,78,17,0.52,37,nan
11/12/2024 22:46:02,1.17.0,Bandit,72,4.14,nan,30,80,20,Left,Left,88,47,78,18,nan,nan,0.15
11/12/2024 22:48:35,1.17.0,Bandit,72,4.14,nan,30,80,20,Left,Left,89,47,78,18,nan,nan,0.05
11/12/2024 22:48:37,1.17.0,Bandit,72,4.14,nan,30,80,20,RightinTimeout,Left,89,47,78,18,nan,nan,0.00
11/12/2024 22:48:38,1.17.0,Bandit,72,4.14,nan,30,80,20,RightinTimeout,Left,89,47,78,18,nan,nan,0.00
11/12/2024 22:53:38,1.17.0,Bandit,72,4.14,nan,30,80,20,Left,Left,90,47,78,18,nan,nan,0.41
11/12/2024 22:53:42,1.17.0,Bandit,72,4.14,1,30,80,20,Pellet,Left,90,47,79,18,0.46,495,nan
11/12/2024 22:54:06,1.17.0,Bandit,72,4.14,nan,30,80,20,Left,Left,91,47,79,19,nan,nan,0.05
11/12/2024 22:54:13,1.17.0,Bandit,72,4.14,nan,30,80,20,LeftinTimeOut,Left,91,47,79,19,nan,nan,nan
11/12/2024 22:54:14,1.17.0,Bandit,72,4.14,nan,30,80,20,LeftinTimeOut,Left,91,47,79,19,nan,nan,nan
11/12/2024 22:54:24,1.17.0,Bandit,72,4.14,nan,30,80,20,Left,Left,92,47,79,19,nan,nan,0.07
11/12/2024 22:54:28,1.17.0,Bandit,72,4.14,1,30,80,20,Pellet,Left,92,47,80,19,0.46,46,nan
11/12/2024 22:54:53,1.17.0,Bandit,72,4.14,nan,30,80,20,Left,Left,93,47,80,20,nan,nan,0.06
11/12/2024 22:54:57,1.17.0,Bandit,72,4.14,1,30,80,20,Pellet,Left,93,47,81,20,0.58,28,nan
11/12/2024 22:55:24,1.17.0,Bandit,72,4.14,nan,30,80,20,Left,Left,94,47,81,21,nan,nan,0.02
11/12/2024 22:55:28,1.17.0,Bandit,72,4.14,1,30,80,20,Pellet,Left,94,47,82,21,0.46,32,nan
11/12/2024 22:55:57,1.17.0,Bandit,72,4.14,nan,30,80,20,Left,Left,95,47,82,22,nan,nan,0.52
11/12/2024 22:56:01,1.17.0,Bandit,72,4.14,2,30,80,20,Pellet,Left,95,47,83,22,0.46,33,nan
11/12/2024 22:56:35,1.17.0,Bandit,72,4.14,nan,30,80,20,Left,Left,96,47,83,23,nan,nan,0.06
11/12/2024 22:56:41,1.17.0,Bandit,72,4.14,2,30,80,20,Pellet,Left,96,47,84,23,0.46,39,nan
11/12/2024 22:57:28,1.17.0,Bandit,72,4.14,nan,30,80,20,Left,Left,97,47,84,24,nan,nan,0.07
11/12/2024 22:57:51,1.17.0,Bandit,72,4.14,4,30,80,20,Pellet,Left,97,47,85,24,13.29,71,nan
11/12/2024 23:04:51,1.17.0,Bandit,72,4.14,nan,30,80,20,Right,Left,97,48,85,25,nan,nan,0.21
11/12/2024 23:06:16,1.17.0,Bandit,72,4.14,nan,30,80,20,Left,Left,98,48,85,25,nan,nan,0.10
11/12/2024 23:06:20,1.17.0,Bandit,72,4.14,1,30,80,20,Pellet,Left,98,48,86,25,0.46,508,nan
11/12/2024 23:06:50,1.17.0,Bandit,72,4.14,nan,30,80,20,Left,Left,99,48,86,26,nan,nan,0.37
11/12/2024 23:06:54,1.17.0,Bandit,72,4.14,1,30,80,20,Pellet,Left,99,48,87,26,0.46,34,nan
11/12/2024 23:07:20,1.17.0,Bandit,72,4.14,nan,30,80,20,Left,Left,100,48,87,27,nan,nan,0.09
11/12/2024 23:07:24,1.17.0,Bandit,72,4.14,1,30,80,20,Pellet,Left,100,48,88,27,1.25,31,nan
11/12/2024 23:07:49,1.17.0,Bandit,72,4.14,nan,30,80,20,Left,Left,101,48,88,28,nan,nan,0.00
11/12/2024 23:07:54,1.17.0,Bandit,72,4.14,1,30,80,20,Pellet,Left,101,48,89,28,0.95,30,nan
11/12/2024 23:08:24,1.17.0,Bandit,72,4.14,nan,30,80,20,Left,Left,102,48,89,29,nan,nan,0.03
11/12/2024 23:08:28,1.17.0,Bandit,72,4.14,1,30,80,20,Pellet,Left,102,48,90,29,0.46,34,nan
11/12/2024 23:08:55,1.17.0,Bandit,72,4.14,nan,30,20,80,Left,Right,103,48,90,0,nan,nan,0.04
11/12/2024 23:08:56,1.17.0,Bandit,72,4.14,nan,30,20,80,LeftinTimeOut,Right,103,48,90,0,nan,nan,nan
11/12/2024 23:09:03,1.17.0,Bandit,72,4.14,nan,30,20,80,LeftinTimeOut,Right,103,48,90,0,nan,nan,nan
11/13/2024 1:30:04,1.17.0,Bandit,72,4.13,nan,30,20,80,Right,Right,103,49,90,0,nan,nan,0.24
11/13/2024 1:30:08,1.17.0,Bandit,72,4.13,nan,30,20,80,RightinTimeout,Right,103,49,90,0,nan,nan,0.00
11/13/2024 1:30:09,1.17.0,Bandit,72,4.13,nan,30,20,80,RightinTimeout,Right,103,49,90,0,nan,nan,0.00
11/13/2024 1:30:40,1.17.0,Bandit,72,4.13,nan,30,20,80,Right,Right,103,50,90,0,nan,nan,0.04
11/13/2024 1:30:47,1.17.0,Bandit,72,4.13,3,30,20,80,Pellet,Right,103,50,91,0,0.52,8538,nan
11/13/2024 1:31:24,1.17.0,Bandit,72,4.13,nan,30,20,80,Right,Right,103,51,91,1,nan,nan,0.05
11/13/2024 1:31:26,1.17.0,Bandit,72,4.13,nan,30,20,80,RightinTimeout,Right,103,51,91,1,nan,nan,0.00
11/13/2024 1:31:30,1.17.0,Bandit,72,4.14,nan,30,20,80,RightinTimeout,Right,103,51,91,1,nan,nan,0.00
11/13/2024 1:31:32,1.17.0,Bandit,72,4.13,nan,30,20,80,RightinTimeout,Right,103,51,91,1,nan,nan,0.00
11/13/2024 1:31:33,1.17.0,Bandit,72,4.14,nan,30,20,80,RightinTimeout,Right,103,51,91,1,nan,nan,0.00
11/13/2024 1:31:46,1.17.0,Bandit,72,4.13,nan,30,20,80,Right,Right,103,52,91,1,nan,nan,0.38
11/13/2024 1:31:47,1.17.0,Bandit,72,4.13,nan,30,20,80,RightinTimeout,Right,103,52,91,1,nan,nan,0.00
11/13/2024 1:31:48,1.17.0,Bandit,72,4.13,nan,30,20,80,RightinTimeout,Right,103,52,91,1,nan,nan,0.00
11/13/2024 1:31:56,1.17.0,Bandit,72,4.13,nan,30,20,80,RightinTimeout,Right,103,52,91,1,nan,nan,0.00
11/13/2024 1:31:57,1.17.0,Bandit,72,4.13,nan,30,20,80,RightinTimeout,Right,103,52,91,1,nan,nan,0.00
11/13/2024 1:31:58,1.17.0,Bandit,72,4.13,nan,30,20,80,RightinTimeout,Right,103,52,91,1,nan,nan,0.00
11/13/2024 1:32:25,1.17.0,Bandit,72,4.13,nan,30,20,80,Right,Right,103,53,91,1,nan,nan,0.04
11/13/2024 1:32:30,1.17.0,Bandit,72,4.14,2,30,20,80,Pellet,Right,103,53,92,1,1.37,104,nan
11/13/2024 1:34:39,1.17.0,Bandit,72,4.14,nan,30,20,80,Right,Right,103,54,92,2,nan,nan,0.20
11/13/2024 1:34:41,1.17.0,Bandit,72,4.13,nan,30,20,80,RightinTimeout,Right,103,54,92,2,nan,nan,0.00
11/13/2024 1:34:41,1.17.0,Bandit,72,4.13,nan,30,20,80,RightinTimeout,Right,103,54,92,2,nan,nan,0.00
11/13/2024 1:35:01,1.17.0,Bandit,72,4.13,nan,30,20,80,Right,Right,103,55,92,2,nan,nan,0.23
11/13/2024 1:35:05,1.17.0,Bandit,72,4.13,2,30,20,80,Pellet,Right,103,55,93,2,0.46,155,nan
11/13/2024 1:35:30,1.17.0,Bandit,72,4.14,nan,30,20,80,Right,Right,103,56,93,3,nan,nan,0.20
11/13/2024 1:35:34,1.17.0,Bandit,72,4.13,2,30,20,80,Pellet,Right,103,56,94,3,0.46,29,nan
11/13/2024 1:36:37,1.17.0,Bandit,72,4.13,nan,30,20,80,Right,Right,103,57,94,4,nan,nan,0.01
11/13/2024 1:36:41,1.17.0,Bandit,72,4.14,1,30,20,80,Pellet,Right,103,57,95,4,0.46,67,nan
11/13/2024 1:37:11,1.17.0,Bandit,72,4.13,nan,30,20,80,Right,Right,103,58,95,5,nan,nan,0.05
11/13/2024 1:37:13,1.17.0,Bandit,72,4.14,nan,30,20,80,RightinTimeout,Right,103,58,95,5,nan,nan,0.00
11/13/2024 1:37:13,1.17.0,Bandit,72,4.13,nan,30,20,80,RightinTimeout,Right,103,58,95,5,nan,nan,0.00
11/13/2024 1:37:14,1.17.0,Bandit,72,4.13,nan,30,20,80,RightinTimeout,Right,103,58,95,5,nan,nan,0.00
11/13/2024 1:37:15,1.17.0,Bandit,72,4.13,nan,30,20,80,RightinTimeout,Right,103,58,95,5,nan,nan,0.00
11/13/2024 1:37:20,1.17.0,Bandit,72,4.13,nan,30,20,80,RightinTimeout,Right,103,58,95,5,nan,nan,0.00
11/13/2024 1:37:20,1.17.0,Bandit,72,4.13,nan,30,20,80,RightinTimeout,Right,103,58,95,5,nan,nan,0.00
11/13/2024 1:37:33,1.17.0,Bandit,72,4.13,nan,30,20,80,Right,Right,103,59,95,5,nan,nan,0.33
11/13/2024 1:37:36,1.17.0,Bandit,72,4.14,1,30,20,80,Pellet,Right,103,59,96,5,0.46,55,nan
11/13/2024 1:38:07,1.17.0,Bandit,72,4.13,nan,30,20,80,Right,Right,103,60,96,6,nan,nan,0.39
11/13/2024 1:38:12,1.17.0,Bandit,72,4.13,2,30,20,80,Pellet,Right,103,60,97,6,0.46,36,nan
11/13/2024 1:38:38,1.17.0,Bandit,72,4.14,nan,30,20,80,Right,Right,103,61,97,7,nan,nan,0.15
11/13/2024 1:38:42,1.17.0,Bandit,72,4.14,1,30,20,80,Pellet,Right,103,61,98,7,0.46,30,nan
11/13/2024 1:39:07,1.17.0,Bandit,72,4.13,nan,30,20,80,Right,Right,103,62,98,8,nan,nan,0.05
11/13/2024 1:39:09,1.17.0,Bandit,72,4.13,nan,30,20,80,RightinTimeout,Right,103,62,98,8,nan,nan,0.00
11/13/2024 1:39:09,1.17.0,Bandit,72,4.14,nan,30,20,80,RightinTimeout,Right,103,62,98,8,nan,nan,0.00
11/13/2024 1:39:10,1.17.0,Bandit,72,4.13,nan,30,20,80,RightinTimeout,Right,103,62,98,8,nan,nan,0.00
11/13/2024 1:39:10,1.17.0,Bandit,72,4.14,nan,30,20,80,RightinTimeout,Right,103,62,98,8,nan,nan,0.00
11/13/2024 1:42:35,1.17.0,Bandit,72,4.13,nan,30,20,80,Left,Right,104,62,98,8,nan,nan,0.12
11/13/2024 1:42:39,1.17.0,Bandit,72,4.13,1,30,20,80,Pellet,Right,104,62,99,8,0.46,237,nan
11/13/2024 1:43:03,1.17.0,Bandit,72,4.13,nan,30,20,80,Left,Right,105,62,99,9,nan,nan,0.03
11/13/2024 1:43:08,1.17.0,Bandit,72,4.13,nan,30,20,80,LeftinTimeOut,Right,105,62,99,9,nan,nan,nan
11/13/2024 1:43:12,1.17.0,Bandit,72,4.13,nan,30,20,80,LeftinTimeOut,Right,105,62,99,9,nan,nan,nan
11/13/2024 1:47:14,1.17.0,Bandit,72,4.13,nan,30,20,80,Left,Right,106,62,99,9,nan,nan,0.13
11/13/2024 1:47:19,1.17.0,Bandit,72,4.13,nan,30,20,80,LeftinTimeOut,Right,106,62,99,9,nan,nan,nan
11/13/2024 1:47:20,1.17.0,Bandit,72,4.13,nan,30,20,80,LeftinTimeOut,Right,106,62,99,9,nan,nan,nan
11/13/2024 1:47:21,1.17.0,Bandit,72,4.13,nan,30,20,80,LeftinTimeOut,Right,106,62,99,9,nan,nan,nan
11/13/2024 1:47:23,1.17.0,Bandit,72,4.13,nan,30,20,80,LeftinTimeOut,Right,106,62,99,9,nan,nan,nan
11/13/2024 1:54:29,1.17.0,Bandit,72,4.13,nan,30,20,80,Right,Right,106,63,99,9,nan,nan,0.10
11/13/2024 1:54:35,1.17.0,Bandit,72,4.13,1,30,20,80,Pellet,Right,106,63,100,9,2.54,716,nan
11/13/2024 1:55:17,1.17.0,Bandit,72,4.13,nan,30,20,80,Right,Right,106,64,100,10,nan,nan,0.05
11/13/2024 1:55:21,1.17.0,Bandit,72,4.13,1,30,20,80,Pellet,Right,106,64,101,10,0.46,45,nan
11/13/2024 1:55:41,1.17.0,Bandit,72,4.13,nan,30,20,80,Right,Right,106,65,101,11,nan,nan,0.07
11/13/2024 1:55:43,1.17.0,Bandit,72,4.13,nan,30,20,80,RightinTimeout,Right,106,65,101,11,nan,nan,0.00
11/13/2024 1:56:55,1.17.0,Bandit,72,4.13,nan,30,20,80,Right,Right,106,66,101,11,nan,nan,0.03
11/13/2024 1:56:59,1.17.0,Bandit,72,4.13,1,30,20,80,Pellet,Right,106,66,102,11,0.46,99,nan
11/13/2024 1:57:31,1.17.0,Bandit,72,4.12,nan,30,20,80,Right,Right,106,67,102,12,nan,nan,0.03
11/13/2024 1:57:35,1.17.0,Bandit,72,4.13,1,30,20,80,Pellet,Right,106,67,103,12,0.46,36,nan
11/13/2024 1:58:27,1.17.0,Bandit,72,4.13,nan,30,20,80,Right,Right,106,68,103,13,nan,nan,0.09
11/13/2024 1:58:31,1.17.0,Bandit,72,4.14,1,30,20,80,Pellet,Right,106,68,104,13,0.46,55,nan
11/13/2024 2:19:54,1.17.0,Bandit,72,4.13,nan,30,20,80,Right,Right,106,69,104,14,nan,nan,0.37
11/13/2024 2:19:58,1.17.0,Bandit,72,4.13,1,30,20,80,Pellet,Right,106,69,105,14,0.46,1288,nan
11/13/2024 2:22:20,1.17.0,Bandit,72,4.13,nan,30,20,80,Right,Right,106,70,105,15,nan,nan,0.12
11/13/2024 2:22:26,1.17.0,Bandit,72,4.13,2,30,20,80,Pellet,Right,106,70,106,15,0.52,147,nan
11/13/2024 2:23:07,1.17.0,Bandit,72,4.13,nan,30,20,80,Right,Right,106,71,106,16,nan,nan,0.07
11/13/2024 2:23:11,1.17.0,Bandit,72,4.13,1,30,20,80,Pellet,Right,106,71,107,16,0.46,46,nan
11/13/2024 2:23:49,1.17.0,Bandit,72,4.12,nan,30,20,80,Right,Right,106,72,107,17,nan,nan,0.32
11/13/2024 2:23:52,1.17.0,Bandit,72,4.12,nan,30,20,80,RightinTimeout,Right,106,72,107,17,nan,nan,0.00
11/13/2024 2:23:55,1.17.0,Bandit,72,4.13,nan,30,20,80,RightinTimeout,Right,106,72,107,17,nan,nan,0.00
11/13/2024 2:25:22,1.17.0,Bandit,72,4.12,nan,30,20,80,Right,Right,106,73,107,17,nan,nan,0.37
11/13/2024 2:25:24,1.17.0,Bandit,72,4.13,nan,30,20,80,RightinTimeout,Right,106,73,107,17,nan,nan,0.00
11/13/2024 2:25:24,1.17.0,Bandit,72,4.13,nan,30,20,80,RightinTimeout,Right,106,73,107,17,nan,nan,0.00
11/13/2024 2:55:16,1.17.0,Bandit,72,4.13,nan,30,20,80,Right,Right,106,74,107,17,nan,nan,0.02
11/13/2024 2:55:20,1.17.0,Bandit,72,4.12,1,30,20,80,Pellet,Right,106,74,108,17,0.58,1929,nan
11/13/2024 2:56:23,1.17.0,Bandit,72,4.13,nan,30,20,80,Right,Right,106,75,108,18,nan,nan,0.19
11/13/2024 2:56:28,1.17.0,Bandit,72,4.12,1,30,20,80,Pellet,Right,106,75,109,18,1.31,68,nan
11/13/2024 2:57:01,1.17.0,Bandit,72,4.13,nan,30,20,80,Right,Right,106,76,109,19,nan,nan,0.07
11/13/2024 2:57:05,1.17.0,Bandit,72,4.13,1,30,20,80,Pellet,Right,106,76,110,19,0.46,36,nan
11/13/2024 2:57:31,1.17.0,Bandit,72,4.13,nan,30,20,80,Right,Right,106,77,110,20,nan,nan,0.74
11/13/2024 2:57:39,1.17.0,Bandit,72,4.13,3,30,20,80,Pellet,Right,106,77,111,20,0.46,35,nan
11/13/2024 2:58:25,1.17.0,Bandit,72,4.13,nan,30,20,80,Right,Right,106,78,111,21,nan,nan,0.03
11/13/2024 2:58:31,1.17.0,Bandit,72,4.13,2,30,20,80,Pellet,Right,106,78,112,21,0.46,52,nan
11/13/2024 2:59:02,1.17.0,Bandit,72,4.13,nan,30,20,80,Right,Right,106,79,112,22,nan,nan,0.18
11/13/2024 3:09:24,1.17.0,Bandit,72,4.12,nan,30,20,80,Right,Right,106,80,112,22,nan,nan,0.21
11/13/2024 3:09:28,1.17.0,Bandit,72,4.13,1,30,20,80,Pellet,Right,106,80,113,22,0.58,657,nan
11/13/2024 3:09:59,1.17.0,Bandit,72,4.13,nan,30,20,80,Right,Right,106,81,113,23,nan,nan,0.02
11/13/2024 3:10:03,1.17.0,Bandit,72,4.13,1,30,20,80,Pellet,Right,106,81,114,23,0.58,35,nan
11/13/2024 3:10:40,1.17.0,Bandit,72,4.12,nan,30,20,80,Right,Right,106,82,114,24,nan,nan,0.07
11/13/2024 3:10:43,1.17.0,Bandit,72,4.13,1,30,20,80,Pellet,Right,106,82,115,24,0.46,40,nan
11/13/2024 3:11:22,1.17.0,Bandit,72,4.12,nan,30,20,80,Right,Right,106,83,115,25,nan,nan,0.19
11/13/2024 3:11:26,1.17.0,Bandit,72,4.13,1,30,20,80,Pellet,Right,106,83,116,25,0.46,43,nan
11/13/2024 3:11:59,1.17.0,Bandit,72,4.13,nan,30,20,80,Right,Right,106,84,116,26,nan,nan,0.21
11/13/2024 3:12:03,1.17.0,Bandit,72,4.12,1,30,20,80,Pellet,Right,106,84,117,26,0.46,37,nan
11/13/2024 3:12:56,1.17.0,Bandit,72,4.13,nan,30,20,80,Right,Right,106,85,117,27,nan,nan,0.09
11/13/2024 3:13:01,1.17.0,Bandit,72,4.12,1,30,20,80,Pellet,Right,106,85,118,27,0.70,57,nan
11/13/2024 3:13:34,1.17.0,Bandit,72,4.12,nan,30,20,80,Right,Right,106,86,118,28,nan,nan,0.08
11/13/2024 3:13:38,1.17.0,Bandit,72,4.13,1,30,20,80,Pellet,Right,106,86,119,28,0.46,37,nan
11/13/2024 3:14:06,1.17.0,Bandit,72,4.13,nan,30,20,80,Right,Right,106,87,119,29,nan,nan,0.23
11/13/2024 3:14:10,1.17.0,Bandit,72,4.13,1,30,20,80,Pellet,Right,106,87,120,29,0.46,33,nan
11/13/2024 3:14:50,1.17.0,Bandit,72,4.13,nan,30,80,20,Right,Left,106,88,120,0,nan,nan,0.15
11/13/2024 3:14:51,1.17.0,Bandit,72,4.12,nan,30,80,20,RightinTimeout,Left,106,88,120,0,nan,nan,0.00
11/13/2024 3:26:49,1.17.0,Bandit,72,4.13,nan,30,80,20,Right,Left,106,89,120,0,nan,nan,0.16
11/13/2024 3:30:10,1.17.0,Bandit,72,4.12,nan,30,80,20,Right,Left,106,90,120,0,nan,nan,0.01
11/13/2024 3:33:02,1.17.0,Bandit,72,4.13,1,30,80,20,Pellet,Left,106,90,121,0,Timed_out,1132,nan
11/13/2024 3:34:24,1.17.0,Bandit,72,4.12,nan,30,80,20,Right,Left,106,91,121,1,nan,nan,0.41
11/13/2024 3:46:26,1.17.0,Bandit,72,4.12,nan,30,80,20,Right,Left,106,92,121,1,nan,nan,0.39
11/13/2024 3:47:05,1.17.0,Bandit,72,4.12,nan,30,80,20,Right,Left,106,93,121,1,nan,nan,0.14
11/13/2024 5:16:21,1.17.0,Bandit,72,4.12,nan,30,80,20,Right,Left,106,94,121,1,nan,nan,0.05
11/13/2024 5:17:56,1.17.0,Bandit,72,4.12,nan,30,80,20,Right,Left,106,95,121,1,nan,nan,0.12
11/13/2024 5:18:08,1.17.0,Bandit,72,4.12,nan,30,80,20,RightDuringDispense,Left,106,95,121,1,nan,nan,9.65
11/13/2024 5:18:35,1.17.0,Bandit,72,4.12,nan,30,80,20,RightDuringDispense,Left,106,95,121,1,nan,nan,26.38
11/13/2024 5:18:38,1.17.0,Bandit,72,4.12,nan,30,80,20,RightDuringDispense,Left,106,95,121,1,nan,nan,0.59
11/13/2024 5:18:40,1.17.0,Bandit,72,4.12,nan,30,80,20,RightDuringDispense,Left,106,95,121,1,nan,nan,0.62
11/13/2024 5:18:41,1.17.0,Bandit,72,4.12,nan,30,80,20,RightDuringDispense,Left,106,95,121,1,nan,nan,0.42
11/13/2024 5:18:41,1.17.0,Bandit,72,4.12,nan,30,80,20,RightDuringDispense,Left,106,95,121,1,nan,nan,0.13
11/13/2024 5:18:45,1.17.0,Bandit,72,4.12,4,30,80,20,Pellet,Left,106,95,122,1,0.52,6342,nan
11/13/2024 5:22:47,1.17.0,Bandit,72,4.12,nan,30,80,20,Right,Left,106,96,122,2,nan,nan,0.43
11/13/2024 5:22:51,1.17.0,Bandit,72,4.12,1,30,80,20,Pellet,Left,106,96,123,2,0.82,247,nan
11/13/2024 5:23:38,1.17.0,Bandit,72,4.12,nan,30,80,20,Right,Left,106,97,123,3,nan,nan,0.26
11/13/2024 5:23:39,1.17.0,Bandit,72,4.12,nan,30,80,20,RightinTimeout,Left,106,97,123,3,nan,nan,0.00
11/13/2024 5:23:40,1.17.0,Bandit,72,4.12,nan,30,80,20,RightinTimeout,Left,106,97,123,3,nan,nan,0.00
11/13/2024 5:23:40,1.17.0,Bandit,72,4.12,nan,30,80,20,RightinTimeout,Left,106,97,123,3,nan,nan,0.00
11/13/2024 5:24:48,1.17.0,Bandit,72,4.12,nan,30,80,20,Right,Left,106,98,123,3,nan,nan,0.17
11/13/2024 5:24:52,1.17.0,Bandit,72,4.12,1,30,80,20,Pellet,Left,106,98,124,3,1.37,121,nan
11/13/2024 5:36:33,1.17.0,Bandit,72,4.12,nan,30,80,20,Right,Left,106,99,124,4,nan,nan,0.10
11/13/2024 5:36:34,1.17.0,Bandit,72,4.12,nan,30,80,20,RightinTimeout,Left,106,99,124,4,nan,nan,0.00
11/13/2024 5:36:35,1.17.0,Bandit,72,4.12,nan,30,80,20,RightinTimeout,Left,106,99,124,4,nan,nan,0.00
11/13/2024 5:36:36,1.17.0,Bandit,72,4.12,nan,30,80,20,RightinTimeout,Left,106,99,124,4,nan,nan,0.00
11/13/2024 5:36:36,1.17.0,Bandit,72,4.12,nan,30,80,20,RightinTimeout,Left,106,99,124,4,nan,nan,0.00
11/13/2024 5:52:12,1.17.0,Bandit,72,4.12,nan,30,80,20,Right,Left,106,100,124,4,nan,nan,0.33
11/13/2024 6:02:56,1.17.0,Bandit,72,4.12,nan,30,80,20,Right,Left,106,101,124,4,nan,nan,0.16
11/13/2024 6:02:57,1.17.0,Bandit,72,4.12,nan,30,80,20,RightinTimeout,Left,106,101,124,4,nan,nan,0.00
11/13/2024 6:02:57,1.17.0,Bandit,72,4.12,nan,30,80,20,RightinTimeout,Left,106,101,124,4,nan,nan,0.00
11/13/2024 6:02:58,1.17.0,Bandit,72,4.12,nan,30,80,20,RightinTimeout,Left,106,101,124,4,nan,nan,0.00
11/13/2024 6:02:59,1.17.0,Bandit,72,4.11,nan,30,80,20,RightinTimeout,Left,106,101,124,4,nan,nan,0.00
11/13/2024 6:02:59,1.17.0,Bandit,72,4.12,nan,30,80,20,RightinTimeout,Left,106,101,124,4,nan,nan,0.00
11/13/2024 6:03:00,1.17.0,Bandit,72,4.12,nan,30,80,20,RightinTimeout,Left,106,101,124,4,nan,nan,0.00
11/13/2024 6:03:00,1.17.0,Bandit,72,4.12,nan,30,80,20,RightinTimeout,Left,106,101,124,4,nan,nan,0.00
11/13/2024 6:03:01,1.17.0,Bandit,72,4.12,nan,30,80,20,RightinTimeout,Left,106,101,124,4,nan,nan,0.00
11/13/2024 6:03:01,1.17.0,Bandit,72,4.12,nan,30,80,20,RightinTimeout,Left,106,101,124,4,nan,nan,0.00
11/13/2024 6:03:23,1.17.0,Bandit,72,4.12,nan,30,80,20,Right,Left,106,102,124,4,nan,nan,0.15
11/13/2024 6:03:24,1.17.0,Bandit,72,4.12,nan,30,80,20,RightinTimeout,Left,106,102,124,4,nan,nan,0.00
11/13/2024 6:03:25,1.17.0,Bandit,72,4.12,nan,30,80,20,RightinTimeout,Left,106,102,124,4,nan,nan,0.00
11/13/2024 6:03:25,1.17.0,Bandit,72,4.12,nan,30,80,20,RightinTimeout,Left,106,102,124,4,nan,nan,0.00
11/13/2024 6:09:39,1.17.0,Bandit,72,4.12,nan,30,80,20,Right,Left,106,103,124,4,nan,nan,0.24
11/13/2024 6:09:40,1.17.0,Bandit,72,4.12,nan,30,80,20,RightinTimeout,Left,106,103,124,4,nan,nan,0.00
11/13/2024 6:49:27,1.17.0,Bandit,72,4.12,nan,30,80,20,Right,Left,106,104,124,4,nan,nan,0.42
11/13/2024 6:49:28,1.17.0,Bandit,72,4.12,nan,30,80,20,RightinTimeout,Left,106,104,124,4,nan,nan,0.00
11/13/2024 6:49:33,1.17.0,Bandit,72,4.12,nan,30,80,20,RightinTimeout,Left,106,104,124,4,nan,nan,0.00
11/13/2024 6:49:51,1.17.0,Bandit,72,4.12,nan,30,80,20,Right,Left,106,105,124,4,nan,nan,0.16
11/13/2024 6:49:53,1.17.0,Bandit,72,4.12,nan,30,80,20,RightinTimeout,Left,106,105,124,4,nan,nan,0.00
11/13/2024 6:49:54,1.17.0,Bandit,72,4.12,nan,30,80,20,RightinTimeout,Left,106,105,124,4,nan,nan,0.00
11/13/2024 6:52:16,1.17.0,Bandit,72,4.12,nan,30,80,20,Right,Left,106,106,124,4,nan,nan,0.09
11/13/2024 6:56:24,1.17.0,Bandit,72,4.12,nan,30,80,20,Right,Left,106,107,124,4,nan,nan,0.08
11/13/2024 6:58:47,1.17.0,Bandit,72,4.12,nan,30,80,20,Right,Left,106,108,124,4,nan,nan,0.04
11/13/2024 7:04:20,1.17.0,Bandit,72,4.12,nan,30,80,20,Right,Left,106,109,124,4,nan,nan,0.25
11/13/2024 7:04:21,1.17.0,Bandit,72,4.11,nan,30,80,20,RightinTimeout,Left,106,109,124,4,nan,nan,0.00
11/13/2024 7:33:49,1.17.0,Bandit,72,4.12,nan,30,80,20,Right,Left,106,110,124,4,nan,nan,0.23
11/13/2024 7:33:56,1.17.0,Bandit,72,4.12,nan,30,80,20,RightinTimeout,Left,106,110,124,4,nan,nan,0.00
11/13/2024 7:33:57,1.17.0,Bandit,72,4.12,nan,30,80,20,RightinTimeout,Left,106,110,124,4,nan,nan,0.00
11/13/2024 7:33:58,1.17.0,Bandit,72,4.12,nan,30,80,20,RightinTimeout,Left,106,110,124,4,nan,nan,0.00
11/13/2024 7:34:01,1.17.0,Bandit,72,4.12,nan,30,80,20,RightinTimeout,Left,106,110,124,4,nan,nan,0.00
11/13/2024 7:34:07,1.17.0,Bandit,72,4.12,nan,30,80,20,RightinTimeout,Left,106,110,124,4,nan,nan,0.00
11/13/2024 7:34:09,1.17.0,Bandit,72,4.12,nan,30,80,20,RightinTimeout,Left,106,110,124,4,nan,nan,0.00
11/13/2024 7:34:09,1.17.0,Bandit,72,4.12,nan,30,80,20,RightinTimeout,Left,106,110,124,4,nan,nan,0.00
11/13/2024 7:34:15,1.17.0,Bandit,72,4.11,nan,30,80,20,RightinTimeout,Left,106,110,124,4,nan,nan,0.00
11/13/2024 7:34:16,1.17.0,Bandit,72,4.12,nan,30,80,20,RightinTimeout,Left,106,110,124,4,nan,nan,0.00
11/13/2024 7:34:17,1.17.0,Bandit,72,4.12,nan,30,80,20,RightinTimeout,Left,106,110,124,4,nan,nan,0.00
11/13/2024 7:34:17,1.17.0,Bandit,72,4.12,nan,30,80,20,RightinTimeout,Left,106,110,124,4,nan,nan,0.00
11/13/2024 7:34:28,1.17.0,Bandit,72,4.12,nan,30,80,20,Left,Left,107,110,124,4,nan,nan,0.03
11/13/2024 7:34:34,1.17.0,Bandit,72,4.12,1,30,80,20,Pellet,Left,107,110,125,4,1.86,7782,nan
11/13/2024 7:36:37,1.17.0,Bandit,72,4.12,nan,30,80,20,Right,Left,107,111,125,5,nan,nan,0.06
11/13/2024 7:46:41,1.17.0,Bandit,72,4.12,nan,30,80,20,Right,Left,107,112,125,5,nan,nan,0.22
11/13/2024 7:46:42,1.17.0,Bandit,72,4.12,nan,30,80,20,RightinTimeout,Left,107,112,125,5,nan,nan,0.00
11/13/2024 7:46:42,1.17.0,Bandit,72,4.11,nan,30,80,20,RightinTimeout,Left,107,112,125,5,nan,nan,0.00
11/13/2024 8:03:05,1.17.0,Bandit,72,4.11,nan,30,80,20,Right,Left,107,113,125,5,nan,nan,0.11
11/13/2024 9:00:21,1.17.0,Bandit,72,4.11,nan,30,80,20,Right,Left,107,114,125,5,nan,nan,0.13
11/13/2024 9:00:31,1.17.0,Bandit,72,4.12,1,30,80,20,Pellet,Left,107,114,126,5,7.14,5157,nan
11/13/2024 10:04:19,1.17.0,Bandit,72,4.11,nan,30,80,20,Right,Left,107,115,126,6,nan,nan,0.18
11/13/2024 10:04:32,1.17.0,Bandit,72,4.11,1,30,80,20,Pellet,Left,107,115,127,6,9.78,3841,nan
11/13/2024 10:05:08,1.17.0,Bandit,72,4.11,nan,30,80,20,Right,Left,107,116,127,7,nan,nan,0.31
11/13/2024 10:05:09,1.17.0,Bandit,72,4.11,nan,30,80,20,RightinTimeout,Left,107,116,127,7,nan,nan,0.00
11/13/2024 10:05:09,1.17.0,Bandit,72,4.11,nan,30,80,20,RightinTimeout,Left,107,116,127,7,nan,nan,0.00
11/13/2024 10:05:10,1.17.0,Bandit,72,4.11,nan,30,80,20,RightinTimeout,Left,107,116,127,7,nan,nan,0.00
11/13/2024 10:05:55,1.17.0,Bandit,72,4.11,nan,30,80,20,Right,Left,107,117,127,7,nan,nan,0.16
11/13/2024 10:05:56,1.17.0,Bandit,72,4.11,nan,30,80,20,RightinTimeout,Left,107,117,127,7,nan,nan,0.00
11/13/2024 10:05:56,1.17.0,Bandit,72,4.11,nan,30,80,20,RightinTimeout,Left,107,117,127,7,nan,nan,0.00
11/13/2024 10:05:56,1.17.0,Bandit,72,4.11,nan,30,80,20,RightinTimeout,Left,107,117,127,7,nan,nan,0.00
11/13/2024 10:05:57,1.17.0,Bandit,72,4.11,nan,30,80,20,RightinTimeout,Left,107,117,127,7,nan,nan,0.00
11/13/2024 10:05:57,1.17.0,Bandit,72,4.11,nan,30,80,20,RightinTimeout,Left,107,117,127,7,nan,nan,0.00
11/13/2024 10:06:01,1.17.0,Bandit,72,4.11,nan,30,80,20,RightinTimeout,Left,107,117,127,7,nan,nan,0.00
11/13/2024 10:06:45,1.17.0,Bandit,72,4.11,nan,30,80,20,Right,Left,107,118,127,7,nan,nan,0.40
11/13/2024 10:06:49,1.17.0,Bandit,72,4.11,1,30,80,20,Pellet,Left,107,118,128,7,0.46,137,nan
11/13/2024 10:07:30,1.17.0,Bandit,72,4.11,nan,30,80,20,Right,Left,107,119,128,8,nan,nan,0.09
11/13/2024 10:07:34,1.17.0,Bandit,72,4.11,1,30,80,20,Pellet,Left,107,119,129,8,0.46,45,nan
11/13/2024 10:08:07,1.17.0,Bandit,72,4.11,nan,30,80,20,Right,Left,107,120,129,9,nan,nan,0.29
11/13/2024 10:08:08,1.17.0,Bandit,72,4.11,nan,30,80,20,RightinTimeout,Left,107,120,129,9,nan,nan,0.00
11/13/2024 10:08:08,1.17.0,Bandit,72,4.11,nan,30,80,20,RightinTimeout,Left,107,120,129,9,nan,nan,0.00
11/13/2024 10:08:19,1.17.0,Bandit,72,4.11,nan,30,80,20,Right,Left,107,121,129,9,nan,nan,0.75
11/13/2024 10:08:23,1.17.0,Bandit,72,4.11,1,30,80,20,Pellet,Left,107,121,130,9,0.64,49,nan
11/13/2024 10:09:06,1.17.0,Bandit,72,4.11,nan,30,80,20,Right,Left,107,122,130,10,nan,nan,0.63
11/13/2024 10:09:23,1.17.0,Bandit,72,4.11,nan,30,80,20,Right,Left,107,123,130,10,nan,nan,0.17
11/13/2024 10:09:25,1.17.0,Bandit,72,4.11,nan,30,80,20,RightinTimeout,Left,107,123,130,10,nan,nan,0.00
11/13/2024 10:09:32,1.17.0,Bandit,72,4.11,nan,30,80,20,RightinTimeout,Left,107,123,130,10,nan,nan,0.00
11/13/2024 10:09:33,1.17.0,Bandit,72,4.11,nan,30,80,20,RightinTimeout,Left,107,123,130,10,nan,nan,0.00
11/13/2024 10:09:34,1.17.0,Bandit,72,4.11,nan,30,80,20,RightinTimeout,Left,107,123,130,10,nan,nan,0.00
11/13/2024 10:09:35,1.17.0,Bandit,72,4.11,nan,30,80,20,RightinTimeout,Left,107,123,130,10,nan,nan,0.00
11/13/2024 10:09:36,1.17.0,Bandit,72,4.11,nan,30,80,20,RightinTimeout,Left,107,123,130,10,nan,nan,0.00
11/13/2024 10:09:37,1.17.0,Bandit,72,4.11,nan,30,80,20,RightinTimeout,Left,107,123,130,10,nan,nan,0.00
11/13/2024 10:09:38,1.17.0,Bandit,72,4.11,nan,30,80,20,RightinTimeout,Left,107,123,130,10,nan,nan,0.00
11/13/2024 10:09:54,1.17.0,Bandit,72,4.11,nan,30,80,20,Right,Left,107,124,130,10,nan,nan,0.19
11/13/2024 11:31:48,1.17.0,Bandit,72,4.11,nan,30,80,20,Right,Left,107,125,130,10,nan,nan,0.03
11/13/2024 11:31:52,1.17.0,Bandit,72,4.11,nan,30,80,20,RightinTimeout,Left,107,125,130,10,nan,nan,0.00
11/13/2024 11:31:54,1.17.0,Bandit,72,4.11,nan,30,80,20,RightinTimeout,Left,107,125,130,10,nan,nan,0.00
11/13/2024 11:31:55,1.17.0,Bandit,72,4.11,nan,30,80,20,RightinTimeout,Left,107,125,130,10,nan,nan,0.00
11/13/2024 11:31:56,1.17.0,Bandit,72,4.11,nan,30,80,20,RightinTimeout,Left,107,125,130,10,nan,nan,0.00
11/13/2024 11:31:57,1.17.0,Bandit,72,4.11,nan,30,80,20,RightinTimeout,Left,107,125,130,10,nan,nan,0.00
11/13/2024 11:31:57,1.17.0,Bandit,72,4.11,nan,30,80,20,RightinTimeout,Left,107,125,130,10,nan,nan,0.00
11/13/2024 11:31:58,1.17.0,Bandit,72,4.11,nan,30,80,20,RightinTimeout,Left,107,125,130,10,nan,nan,0.00
11/13/2024 11:31:58,1.17.0,Bandit,72,4.11,nan,30,80,20,RightinTimeout,Left,107,125,130,10,nan,nan,0.00
11/13/2024 11:32:00,1.17.0,Bandit,72,4.11,nan,30,80,20,RightinTimeout,Left,107,125,130,10,nan,nan,0.00
11/13/2024 11:32:06,1.17.0,Bandit,72,4.11,nan,30,80,20,RightinTimeout,Left,107,125,130,10,nan,nan,0.00
11/13/2024 11:32:35,1.17.0,Bandit,72,4.11,nan,30,80,20,Right,Left,107,126,130,10,nan,nan,0.08
11/13/2024 11:32:36,1.17.0,Bandit,72,4.11,nan,30,80,20,RightinTimeout,Left,107,126,130,10,nan,nan,0.00
11/13/2024 11:32:37,1.17.0,Bandit,72,4.11,nan,30,80,20,RightinTimeout,Left,107,126,130,10,nan,nan,0.00
11/13/2024 11:32:37,1.17.0,Bandit,72,4.10,nan,30,80,20,RightinTimeout,Left,107,126,130,10,nan,nan,0.00
11/13/2024 11:32:38,1.17.0,Bandit,72,4.11,nan,30,80,20,RightinTimeout,Left,107,126,130,10,nan,nan,0.00
11/13/2024 11:32:38,1.17.0,Bandit,72,4.11,nan,30,80,20,RightinTimeout,Left,107,126,130,10,nan,nan,0.00
11/13/2024 11:32:57,1.17.0,Bandit,72,4.11,nan,30,80,20,Right,Left,107,127,130,10,nan,nan,0.07
11/13/2024 11:33:08,1.17.0,Bandit,72,4.11,nan,30,80,20,RightinTimeout,Left,107,127,130,10,nan,nan,0.00
11/13/2024 11:33:09,1.17.0,Bandit,72,4.11,nan,30,80,20,RightinTimeout,Left,107,127,130,10,nan,nan,0.00
11/13/2024 11:34:01,1.17.0,Bandit,72,4.11,nan,30,80,20,Right,Left,107,128,130,10,nan,nan,0.06
11/13/2024 11:34:02,1.17.0,Bandit,72,4.11,nan,30,80,20,RightinTimeout,Left,107,128,130,10,nan,nan,0.00
11/13/2024 11:34:02,1.17.0,Bandit,72,4.11,nan,30,80,20,RightinTimeout,Left,107,128,130,10,nan,nan,0.00
11/13/2024 11:34:03,1.17.0,Bandit,72,4.11,nan,30,80,20,RightinTimeout,Left,107,128,130,10,nan,nan,0.00
11/13/2024 11:34:33,1.17.0,Bandit,72,4.11,nan,30,80,20,Right,Left,107,129,130,10,nan,nan,0.02
11/13/2024 11:34:34,1.17.0,Bandit,72,4.11,nan,30,80,20,RightinTimeout,Left,107,129,130,10,nan,nan,0.00
11/13/2024 11:34:35,1.17.0,Bandit,72,4.11,nan,30,80,20,RightinTimeout,Left,107,129,130,10,nan,nan,0.00
11/13/2024 11:34:36,1.17.0,Bandit,72,4.11,nan,30,80,20,RightinTimeout,Left,107,129,130,10,nan,nan,0.00
11/13/2024 11:34:41,1.17.0,Bandit,72,4.11,nan,30,80,20,RightinTimeout,Left,107,129,130,10,nan,nan,0.00
11/13/2024 11:34:42,1.17.0,Bandit,72,4.11,nan,30,80,20,RightinTimeout,Left,107,129,130,10,nan,nan,0.00
11/13/2024 11:34:46,1.17.0,Bandit,72,4.11,nan,30,80,20,LeftinTimeOut,Left,107,129,130,10,nan,nan,nan
11/13/2024 11:34:48,1.17.0,Bandit,72,4.11,nan,30,80,20,LeftinTimeOut,Left,107,129,130,10,nan,nan,nan
11/13/2024 11:36:03,1.17.0,Bandit,72,4.11,nan,30,80,20,Right,Left,107,130,130,10,nan,nan,0.08
11/13/2024 11:36:07,1.17.0,Bandit,72,4.11,1,30,80,20,Pellet,Left,107,130,131,10,0.64,5263,nan
11/13/2024 11:36:54,1.17.0,Bandit,72,4.11,nan,30,80,20,Right,Left,107,131,131,11,nan,nan,0.03
11/13/2024 11:37:00,1.17.0,Bandit,72,4.11,2,30,80,20,Pellet,Left,107,131,132,11,0.58,54,nan
11/13/2024 11:37:48,1.17.0,Bandit,72,4.11,nan,30,80,20,Right,Left,107,132,132,12,nan,nan,0.51
11/13/2024 11:37:57,1.17.0,Bandit,72,4.11,nan,30,80,20,RightinTimeout,Left,107,132,132,12,nan,nan,0.00
11/13/2024 11:37:59,1.17.0,Bandit,72,4.11,nan,30,80,20,RightinTimeout,Left,107,132,132,12,nan,nan,0.00
11/13/2024 11:38:00,1.17.0,Bandit,72,4.11,nan,30,80,20,RightinTimeout,Left,107,132,132,12,nan,nan,0.00
11/13/2024 11:38:09,1.17.0,Bandit,72,4.11,nan,30,80,20,RightinTimeout,Left,107,132,132,12,nan,nan,0.00
11/13/2024 11:38:09,1.17.0,Bandit,72,4.11,nan,30,80,20,RightinTimeout,Left,107,132,132,12,nan,nan,0.00
11/13/2024 11:38:12,1.17.0,Bandit,72,4.11,nan,30,80,20,RightinTimeout,Left,107,132,132,12,nan,nan,0.00
11/13/2024 11:38:12,1.17.0,Bandit,72,4.11,nan,30,80,20,RightinTimeout,Left,107,132,132,12,nan,nan,0.00
11/13/2024 11:38:38,1.17.0,Bandit,72,4.11,nan,30,80,20,Right,Left,107,133,132,12,nan,nan,0.26
11/13/2024 11:38:40,1.17.0,Bandit,72,4.11,nan,30,80,20,RightinTimeout,Left,107,133,132,12,nan,nan,0.00
11/13/2024 11:38:43,1.17.0,Bandit,72,4.11,nan,30,80,20,RightinTimeout,Left,107,133,132,12,nan,nan,0.00
11/13/2024 11:39:50,1.17.0,Bandit,72,4.11,nan,30,80,20,Left,Left,108,133,132,12,nan,nan,0.02
11/13/2024 11:39:54,1.17.0,Bandit,72,4.11,1,30,80,20,Pellet,Left,108,133,133,12,0.46,173,nan
11/13/2024 11:40:47,1.17.0,Bandit,72,4.11,nan,30,80,20,Right,Left,108,134,133,13,nan,nan,0.04
11/13/2024 11:41:39,1.17.0,Bandit,72,4.11,nan,30,80,20,Right,Left,108,135,133,13,nan,nan,0.22
11/13/2024 11:41:40,1.17.0,Bandit,72,4.11,nan,30,80,20,RightinTimeout,Left,108,135,133,13,nan,nan,0.00
11/13/2024 11:41:42,1.17.0,Bandit,72,4.11,nan,30,80,20,RightinTimeout,Left,108,135,133,13,nan,nan,0.00
11/13/2024 11:41:44,1.17.0,Bandit,72,4.11,nan,30,80,20,RightinTimeout,Left,108,135,133,13,nan,nan,0.00
11/13/2024 11:41:45,1.17.0,Bandit,72,4.11,nan,30,80,20,RightinTimeout,Left,108,135,133,13,nan,nan,0.00
11/13/2024 11:45:09,1.17.0,Bandit,72,4.11,nan,30,80,20,Right,Left,108,136,133,13,nan,nan,0.34
11/13/2024 11:58:36,1.17.0,Bandit,72,4.11,nan,30,80,20,Right,Left,108,137,133,13,nan,nan,0.11
11/13/2024 11:58:38,1.17.0,Bandit,72,4.11,nan,30,80,20,RightinTimeout,Left,108,137,133,13,nan,nan,0.00
11/13/2024 11:58:38,1.17.0,Bandit,72,4.11,nan,30,80,20,RightinTimeout,Left,108,137,133,13,nan,nan,0.00
11/13/2024 11:58:41,1.17.0,Bandit,72,4.11,nan,30,80,20,RightinTimeout,Left,108,137,133,13,nan,nan,0.00
11/13/2024 12:40:10,1.17.0,Bandit,72,4.11,nan,30,80,20,Right,Left,108,138,133,13,nan,nan,1.88
11/13/2024 12:40:12,1.17.0,Bandit,72,4.11,nan,30,80,20,RightinTimeout,Left,108,138,133,13,nan,nan,0.00
11/13/2024 12:58:08,1.17.0,Bandit,72,4.11,nan,30,80,20,Right,Left,108,139,133,13,nan,nan,0.39
11/13/2024 12:58:21,1.17.0,Bandit,72,4.11,1,30,80,20,Pellet,Left,108,139,134,13,10.03,4708,nan
11/13/2024 12:59:15,1.17.0,Bandit,72,4.11,nan,30,80,20,Right,Left,108,140,134,14,nan,nan,0.26
11/13/2024 12:59:22,1.17.0,Bandit,72,4.11,nan,30,80,20,RightinTimeout,Left,108,140,134,14,nan,nan,0.00
11/13/2024 12:59:24,1.17.0,Bandit,72,4.10,nan,30,80,20,RightinTimeout,Left,108,140,134,14,nan,nan,0.00
11/13/2024 12:59:24,1.17.0,Bandit,72,4.11,nan,30,80,20,RightinTimeout,Left,108,140,134,14,nan,nan,0.00
11/13/2024 12:59:25,1.17.0,Bandit,72,4.11,nan,30,80,20,RightinTimeout,Left,108,140,134,14,nan,nan,0.00
11/13/2024 12:59:25,1.17.0,Bandit,72,4.10,nan,30,80,20,RightinTimeout,Left,108,140,134,14,nan,nan,0.00
11/13/2024 12:59:26,1.17.0,Bandit,72,4.11,nan,30,80,20,RightinTimeout,Left,108,140,134,14,nan,nan,0.00
11/13/2024 12:59:26,1.17.0,Bandit,72,4.11,nan,30,80,20,RightinTimeout,Left,108,140,134,14,nan,nan,0.00
11/13/2024 12:59:27,1.17.0,Bandit,72,4.11,nan,30,80,20,RightinTimeout,Left,108,140,134,14,nan,nan,0.00
11/13/2024 13:02:22,1.17.0,Bandit,72,4.11,nan,30,80,20,Right,Left,108,141,134,14,nan,nan,0.17
11/13/2024 13:02:23,1.17.0,Bandit,72,4.11,nan,30,80,20,RightinTimeout,Left,108,141,134,14,nan,nan,0.00
11/13/2024 13:03:55,1.17.0,Bandit,72,4.11,nan,30,80,20,Right,Left,108,142,134,14,nan,nan,1.05
11/13/2024 13:03:56,1.17.0,Bandit,72,4.11,nan,30,80,20,RightinTimeout,Left,108,142,134,14,nan,nan,0.00
11/13/2024 13:03:56,1.17.0,Bandit,72,4.11,nan,30,80,20,RightinTimeout,Left,108,142,134,14,nan,nan,0.00
11/13/2024 13:05:20,1.17.0,Bandit,72,4.11,nan,30,80,20,Right,Left,108,143,134,14,nan,nan,0.28
11/13/2024 13:05:21,1.17.0,Bandit,72,4.10,nan,30,80,20,RightinTimeout,Left,108,143,134,14,nan,nan,0.00
11/13/2024 13:36:29,1.17.0,Bandit,72,4.11,nan,30,80,20,Right,Left,108,144,134,14,nan,nan,0.09
11/13/2024 13:37:34,1.17.0,Bandit,72,4.10,nan,30,80,20,Right,Left,108,145,134,14,nan,nan,0.10
11/13/2024 13:38:44,1.17.0,Bandit,72,4.11,nan,30,80,20,Right,Left,108,146,134,14,nan,nan,1.50
11/13/2024 13:38:45,1.17.0,Bandit,72,4.11,nan,30,80,20,RightinTimeout,Left,108,146,134,14,nan,nan,0.00
11/13/2024 13:38:46,1.17.0,Bandit,72,4.10,nan,30,80,20,RightinTimeout,Left,108,146,134,14,nan,nan,0.00
11/13/2024 13:38:46,1.17.0,Bandit,72,4.11,nan,30,80,20,RightinTimeout,Left,108,146,134,14,nan,nan,0.00
11/13/2024 13:38:47,1.17.0,Bandit,72,4.10,nan,30,80,20,RightinTimeout,Left,108,146,134,14,nan,nan,0.00
11/13/2024 13:43:26,1.17.0,Bandit,72,4.11,nan,30,80,20,Right,Left,108,147,134,14,nan,nan,0.03
11/13/2024 13:43:26,1.17.0,Bandit,72,4.10,nan,30,80,20,RightinTimeout,Left,108,147,134,14,nan,nan,0.00
11/13/2024 13:43:27,1.17.0,Bandit,72,4.11,nan,30,80,20,RightinTimeout,Left,108,147,134,14,nan,nan,0.00
11/13/2024 13:43:27,1.17.0,Bandit,72,4.11,nan,30,80,20,RightinTimeout,Left,108,147,134,14,nan,nan,0.00
11/13/2024 13:43:28,1.17.0,Bandit,72,4.10,nan,30,80,20,RightinTimeout,Left,108,147,134,14,nan,nan,0.00
11/13/2024 13:43:29,1.17.0,Bandit,72,4.11,nan,30,80,20,RightinTimeout,Left,108,147,134,14,nan,nan,0.00
11/13/2024 13:43:29,1.17.0,Bandit,72,4.11,nan,30,80,20,RightinTimeout,Left,108,147,134,14,nan,nan,0.00
11/13/2024 13:43:30,1.17.0,Bandit,72,4.11,nan,30,80,20,RightinTimeout,Left,108,147,134,14,nan,nan,0.00
11/13/2024 13:43:42,1.17.0,Bandit,72,4.11,nan,30,80,20,Right,Left,108,148,134,14,nan,nan,0.38
11/13/2024 13:43:43,1.17.0,Bandit,72,4.11,nan,30,80,20,RightinTimeout,Left,108,148,134,14,nan,nan,0.00
11/13/2024 13:43:43,1.17.0,Bandit,72,4.11,nan,30,80,20,RightinTimeout,Left,108,148,134,14,nan,nan,0.00
11/13/2024 13:43:44,1.17.0,Bandit,72,4.11,nan,30,80,20,RightinTimeout,Left,108,148,134,14,nan,nan,0.00
11/13/2024 13:43:44,1.17.0,Bandit,72,4.11,nan,30,80,20,RightinTimeout,Left,108,148,134,14,nan,nan,0.00
11/13/2024 13:44:02,1.17.0,Bandit,72,4.11,nan,30,80,20,Right,Left,108,149,134,14,nan,nan,0.31
11/13/2024 13:44:03,1.17.0,Bandit,72,4.11,nan,30,80,20,RightinTimeout,Left,108,149,134,14,nan,nan,0.00
11/13/2024 13:44:03,1.17.0,Bandit,72,4.11,nan,30,80,20,RightinTimeout,Left,108,149,134,14,nan,nan,0.00
11/13/2024 13:44:04,1.17.0,Bandit,72,4.11,nan,30,80,20,RightinTimeout,Left,108,149,134,14,nan,nan,0.00
11/13/2024 13:44:04,1.17.0,Bandit,72,4.10,nan,30,80,20,RightinTimeout,Left,108,149,134,14,nan,nan,0.00
11/13/2024 13:44:05,1.17.0,Bandit,72,4.10,nan,30,80,20,RightinTimeout,Left,108,149,134,14,nan,nan,0.00
11/13/2024 13:44:05,1.17.0,Bandit,72,4.10,nan,30,80,20,RightinTimeout,Left,108,149,134,14,nan,nan,0.00
11/13/2024 13:44:06,1.17.0,Bandit,72,4.11,nan,30,80,20,RightinTimeout,Left,108,149,134,14,nan,nan,0.00
11/13/2024 13:44:06,1.17.0,Bandit,72,4.10,nan,30,80,20,RightinTimeout,Left,108,149,134,14,nan,nan,0.00
11/13/2024 13:44:07,1.17.0,Bandit,72,4.11,nan,30,80,20,RightinTimeout,Left,108,149,134,14,nan,nan,0.00
11/13/2024 13:44:07,1.17.0,Bandit,72,4.11,nan,30,80,20,RightinTimeout,Left,108,149,134,14,nan,nan,0.00
11/13/2024 13:44:09,1.17.0,Bandit,72,4.11,nan,30,80,20,RightinTimeout,Left,108,149,134,14,nan,nan,0.00
11/13/2024 13:44:32,1.17.0,Bandit,72,4.11,nan,30,80,20,Right,Left,108,150,134,14,nan,nan,0.00
11/13/2024 13:44:33,1.17.0,Bandit,72,4.10,nan,30,80,20,RightinTimeout,Left,108,150,134,14,nan,nan,0.00
11/13/2024 13:44:34,1.17.0,Bandit,72,4.11,nan,30,80,20,RightinTimeout,Left,108,150,134,14,nan,nan,0.00
11/13/2024 13:44:34,1.17.0,Bandit,72,4.10,nan,30,80,20,RightinTimeout,Left,108,150,134,14,nan,nan,0.00
11/13/2024 13:45:40,1.17.0,Bandit,72,4.11,nan,30,80,20,Right,Left,108,151,134,14,nan,nan,0.02
11/13/2024 13:45:41,1.17.0,Bandit,72,4.11,nan,30,80,20,RightinTimeout,Left,108,151,134,14,nan,nan,0.00
11/13/2024 13:45:42,1.17.0,Bandit,72,4.10,nan,30,80,20,RightinTimeout,Left,108,151,134,14,nan,nan,0.00
11/13/2024 13:48:37,1.17.0,Bandit,72,4.10,nan,30,80,20,Right,Left,108,152,134,14,nan,nan,0.13
11/13/2024 13:48:40,1.17.0,Bandit,72,4.11,nan,30,80,20,RightinTimeout,Left,108,152,134,14,nan,nan,0.00
11/13/2024 13:48:49,1.17.0,Bandit,72,4.11,nan,30,80,20,RightinTimeout,Left,108,152,134,14,nan,nan,0.00
11/13/2024 13:49:03,1.17.0,Bandit,72,4.10,nan,30,80,20,Right,Left,108,153,134,14,nan,nan,0.05
11/13/2024 13:49:07,1.17.0,Bandit,72,4.11,1,30,80,20,Pellet,Left,108,153,135,14,0.46,3046,nan
11/13/2024 13:49:46,1.17.0,Bandit,72,4.11,nan,30,80,20,Right,Left,108,154,135,15,nan,nan,0.01
11/13/2024 13:49:48,1.17.0,Bandit,72,4.10,nan,30,80,20,RightinTimeout,Left,108,154,135,15,nan,nan,0.00
11/13/2024 13:49:48,1.17.0,Bandit,72,4.10,nan,30,80,20,RightinTimeout,Left,108,154,135,15,nan,nan,0.00
11/13/2024 13:49:49,1.17.0,Bandit,72,4.10,nan,30,80,20,RightinTimeout,Left,108,154,135,15,nan,nan,0.00
11/13/2024 13:49:56,1.17.0,Bandit,72,4.11,nan,30,80,20,RightinTimeout,Left,108,154,135,15,nan,nan,0.00
11/13/2024 13:50:03,1.17.0,Bandit,72,4.10,nan,30,80,20,RightinTimeout,Left,108,154,135,15,nan,nan,0.00
11/13/2024 13:50:04,1.17.0,Bandit,72,4.11,nan,30,80,20,RightinTimeout,Left,108,154,135,15,nan,nan,0.00
11/13/2024 13:50:04,1.17.0,Bandit,72,4.11,nan,30,80,20,RightinTimeout,Left,108,154,135,15,nan,nan,0.00
11/13/2024 13:50:05,1.17.0,Bandit,72,4.11,nan,30,80,20,RightinTimeout,Left,108,154,135,15,nan,nan,0.00
11/13/2024 13:50:06,1.17.0,Bandit,72,4.11,nan,30,80,20,RightinTimeout,Left,108,154,135,15,nan,nan,0.00
11/13/2024 13:50:06,1.17.0,Bandit,72,4.10,nan,30,80,20,RightinTimeout,Left,108,154,135,15,nan,nan,0.00
11/13/2024 13:50:17,1.17.0,Bandit,72,4.11,nan,30,80,20,Right,Left,108,155,135,15,nan,nan,0.00
11/13/2024 13:50:18,1.17.0,Bandit,72,4.10,nan,30,80,20,RightinTimeout,Left,108,155,135,15,nan,nan,0.00
11/13/2024 13:50:19,1.17.0,Bandit,72,4.11,nan,30,80,20,RightinTimeout,Left,108,155,135,15,nan,nan,0.00
11/13/2024 13:50:19,1.17.0,Bandit,72,4.11,nan,30,80,20,RightinTimeout,Left,108,155,135,15,nan,nan,0.00
11/13/2024 13:50:20,1.17.0,Bandit,72,4.10,nan,30,80,20,RightinTimeout,Left,108,155,135,15,nan,nan,0.00
11/13/2024 13:50:21,1.17.0,Bandit,72,4.10,nan,30,80,20,RightinTimeout,Left,108,155,135,15,nan,nan,0.00
11/13/2024 13:50:21,1.17.0,Bandit,72,4.10,nan,30,80,20,RightinTimeout,Left,108,155,135,15,nan,nan,0.00
11/13/2024 13:50:33,1.17.0,Bandit,72,4.10,nan,30,80,20,Left,Left,109,155,135,15,nan,nan,0.08
11/13/2024 13:50:37,1.17.0,Bandit,72,4.10,1,30,80,20,Pellet,Left,109,155,136,15,0.46,89,nan
11/13/2024 13:51:21,1.17.0,Bandit,72,4.10,nan,30,80,20,Right,Left,109,156,136,16,nan,nan,0.22
11/13/2024 13:52:14,1.17.0,Bandit,72,4.10,nan,30,80,20,Right,Left,109,157,136,16,nan,nan,0.02
11/13/2024 13:52:16,1.17.0,Bandit,72,4.11,nan,30,80,20,RightinTimeout,Left,109,157,136,16,nan,nan,0.00
11/13/2024 13:52:16,1.17.0,Bandit,72,4.11,nan,30,80,20,RightinTimeout,Left,109,157,136,16,nan,nan,0.00
11/13/2024 13:52:24,1.17.0,Bandit,72,4.11,nan,30,80,20,RightinTimeout,Left,109,157,136,16,nan,nan,0.00
11/13/2024 13:52:25,1.17.0,Bandit,72,4.10,nan,30,80,20,RightinTimeout,Left,109,157,136,16,nan,nan,0.00
11/13/2024 13:52:26,1.17.0,Bandit,72,4.11,nan,30,80,20,RightinTimeout,Left,109,157,136,16,nan,nan,0.00
11/13/2024 13:52:26,1.17.0,Bandit,72,4.11,nan,30,80,20,RightinTimeout,Left,109,157,136,16,nan,nan,0.00
11/13/2024 13:52:30,1.17.0,Bandit,72,4.11,nan,30,80,20,RightinTimeout,Left,109,157,136,16,nan,nan,0.00
11/13/2024 13:52:35,1.17.0,Bandit,72,4.11,nan,30,80,20,RightinTimeout,Left,109,157,136,16,nan,nan,0.00
11/13/2024 13:52:36,1.17.0,Bandit,72,4.11,nan,30,80,20,RightinTimeout,Left,109,157,136,16,nan,nan,0.00
11/13/2024 13:52:36,1.17.0,Bandit,72,4.11,nan,30,80,20,RightinTimeout,Left,109,157,136,16,nan,nan,0.00
11/13/2024 13:52:37,1.17.0,Bandit,72,4.10,nan,30,80,20,RightinTimeout,Left,109,157,136,16,nan,nan,0.00
11/13/2024 13:52:37,1.17.0,Bandit,72,4.11,nan,30,80,20,RightinTimeout,Left,109,157,136,16,nan,nan,0.00
11/13/2024 13:52:38,1.17.0,Bandit,72,4.11,nan,30,80,20,RightinTimeout,Left,109,157,136,16,nan,nan,0.00
11/13/2024 13:52:38,1.17.0,Bandit,72,4.11,nan,30,80,20,RightinTimeout,Left,109,157,136,16,nan,nan,0.00
11/13/2024 13:52:58,1.17.0,Bandit,72,4.10,nan,30,80,20,Right,Left,109,158,136,16,nan,nan,0.24
11/13/2024 13:52:59,1.17.0,Bandit,72,4.10,nan,30,80,20,RightinTimeout,Left,109,158,136,16,nan,nan,0.00
11/13/2024 13:52:59,1.17.0,Bandit,72,4.11,nan,30,80,20,RightinTimeout,Left,109,158,136,16,nan,nan,0.00
11/13/2024 13:53:14,1.17.0,Bandit,72,4.09,nan,30,80,20,Right,Left,109,159,136,16,nan,nan,0.49
11/13/2024 13:53:15,1.17.0,Bandit,72,4.10,nan,30,80,20,RightinTimeout,Left,109,159,136,16,nan,nan,0.00
11/13/2024 13:53:16,1.17.0,Bandit,72,4.11,nan,30,80,20,RightinTimeout,Left,109,159,136,16,nan,nan,0.00
11/13/2024 13:53:16,1.17.0,Bandit,72,4.11,nan,30,80,20,RightinTimeout,Left,109,159,136,16,nan,nan,0.00
11/13/2024 13:53:17,1.17.0,Bandit,72,4.10,nan,30,80,20,RightinTimeout,Left,109,159,136,16,nan,nan,0.00
11/13/2024 13:53:17,1.17.0,Bandit,72,4.10,nan,30,80,20,RightinTimeout,Left,109,159,136,16,nan,nan,0.00
11/13/2024 13:54:05,1.17.0,Bandit,72,4.10,nan,30,80,20,Left,Left,110,159,136,16,nan,nan,0.08
11/13/2024 13:54:09,1.17.0,Bandit,72,4.11,2,30,80,20,Pellet,Left,110,159,137,16,0.46,213,nan
11/13/2024 13:55:21,1.17.0,Bandit,72,4.11,nan,30,80,20,Left,Left,111,159,137,17,nan,nan,0.06
11/13/2024 13:55:26,1.17.0,Bandit,72,4.11,1,30,80,20,Pellet,Left,111,159,138,17,2.05,77,nan
11/13/2024 13:56:59,1.17.0,Bandit,72,4.10,nan,30,80,20,Right,Left,111,160,138,18,nan,nan,0.26
11/13/2024 13:57:03,1.17.0,Bandit,72,4.11,1,30,80,20,Pellet,Left,111,160,139,18,0.46,97,nan
11/13/2024 13:58:10,1.17.0,Bandit,72,4.11,nan,30,80,20,Right,Left,111,161,139,19,nan,nan,0.02
11/13/2024 13:58:11,1.17.0,Bandit,72,4.11,nan,30,80,20,RightinTimeout,Left,111,161,139,19,nan,nan,0.00
11/13/2024 13:58:11,1.17.0,Bandit,72,4.11,nan,30,80,20,RightinTimeout,Left,111,161,139,19,nan,nan,0.00
11/13/2024 13:58:13,1.17.0,Bandit,72,4.11,nan,30,80,20,RightinTimeout,Left,111,161,139,19,nan,nan,0.00
11/13/2024 13:58:18,1.17.0,Bandit,72,4.10,nan,30,80,20,LeftinTimeOut,Left,111,161,139,19,nan,nan,nan
11/13/2024 13:58:19,1.17.0,Bandit,72,4.11,nan,30,80,20,LeftinTimeOut,Left,111,161,139,19,nan,nan,nan
11/13/2024 14:01:48,1.17.0,Bandit,72,4.10,nan,30,80,20,Right,Left,111,162,139,19,nan,nan,0.06
11/13/2024 14:07:16,1.17.0,Bandit,72,4.10,nan,30,80,20,Right,Left,111,163,139,19,nan,nan,0.07
11/13/2024 14:07:17,1.17.0,Bandit,72,4.10,nan,30,80,20,RightinTimeout,Left,111,163,139,19,nan,nan,0.00
11/13/2024 14:07:17,1.17.0,Bandit,72,4.10,nan,30,80,20,RightinTimeout,Left,111,163,139,19,nan,nan,0.00
11/13/2024 14:07:19,1.17.0,Bandit,72,4.10,nan,30,80,20,RightinTimeout,Left,111,163,139,19,nan,nan,0.00
11/13/2024 14:07:23,1.17.0,Bandit,72,4.11,nan,30,80,20,RightinTimeout,Left,111,163,139,19,nan,nan,0.00
11/13/2024 14:07:57,1.17.0,Bandit,72,4.10,nan,30,80,20,Right,Left,111,164,139,19,nan,nan,0.12
11/13/2024 14:07:58,1.17.0,Bandit,72,4.10,nan,30,80,20,RightinTimeout,Left,111,164,139,19,nan,nan,0.00
11/13/2024 14:07:58,1.17.0,Bandit,72,4.10,nan,30,80,20,RightinTimeout,Left,111,164,139,19,nan,nan,0.00
11/13/2024 14:07:59,1.17.0,Bandit,72,4.11,nan,30,80,20,RightinTimeout,Left,111,164,139,19,nan,nan,0.00
11/13/2024 14:07:59,1.17.0,Bandit,72,4.11,nan,30,80,20,RightinTimeout,Left,111,164,139,19,nan,nan,0.00
11/13/2024 14:08:01,1.17.0,Bandit,72,4.10,nan,30,80,20,RightinTimeout,Left,111,164,139,19,nan,nan,0.00
11/13/2024 14:08:02,1.17.0,Bandit,72,4.10,nan,30,80,20,RightinTimeout,Left,111,164,139,19,nan,nan,0.00
11/13/2024 14:08:04,1.17.0,Bandit,72,4.10,nan,30,80,20,RightinTimeout,Left,111,164,139,19,nan,nan,0.00
11/13/2024 14:08:06,1.17.0,Bandit,72,4.10,nan,30,80,20,RightinTimeout,Left,111,164,139,19,nan,nan,0.00
11/13/2024 14:30:00,1.17.0,Bandit,72,4.11,nan,30,80,20,Right,Left,111,165,139,19,nan,nan,0.03
11/13/2024 14:30:01,1.17.0,Bandit,72,4.10,nan,30,80,20,RightinTimeout,Left,111,165,139,19,nan,nan,0.00
11/13/2024 14:30:02,1.17.0,Bandit,72,4.10,nan,30,80,20,RightinTimeout,Left,111,165,139,19,nan,nan,0.00
11/13/2024 14:30:02,1.17.0,Bandit,72,4.11,nan,30,80,20,RightinTimeout,Left,111,165,139,19,nan,nan,0.00
11/13/2024 14:30:03,1.17.0,Bandit,72,4.10,nan,30,80,20,RightinTimeout,Left,111,165,139,19,nan,nan,0.00
11/13/2024 14:30:03,1.17.0,Bandit,72,4.10,nan,30,80,20,RightinTimeout,Left,111,165,139,19,nan,nan,0.00
11/13/2024 14:30:20,1.17.0,Bandit,72,4.10,nan,30,80,20,Right,Left,111,166,139,19,nan,nan,0.15
