MM:DD:YYYY hh:mm:ss,Library_Version,Session_type,Device_Number,Battery_Voltage,Motor_Turns,FR,Event,Active_Poke,Left_Poke_Count,Right_Poke_Count,Pellet_Count,Block_Pellet_Count,Retrieval_Time,InterPelletInterval,Poke_Time
6/1/2023 19:08:59,1.17.0,20,80,3.89,nan,30,Left,Right,1,0,0,0,nan,nan,0.00
6/1/2023 19:09:12,1.17.0,20,80,3.89,nan,30,RightinTimeout,Right,1,0,0,0,nan,nan,0.06
6/1/2023 19:09:18,1.17.0,20,80,3.90,nan,30,LeftinTimeOut,Right,1,0,0,0,nan,nan,nan
6/1/2023 19:09:48,1.17.0,20,80,3.89,nan,30,Left,Right,2,0,0,0,nan,nan,0.00
6/1/2023 19:09:53,1.17.0,20,80,3.89,nan,30,RightinTimeout,Right,2,0,0,0,nan,nan,0.17
6/1/2023 19:09:57,1.17.0,20,80,3.89,nan,30,LeftinTimeOut,Right,2,0,0,0,nan,nan,nan
6/1/2023 19:10:00,1.17.0,20,80,3.89,nan,30,LeftinTimeOut,Right,2,0,0,0,nan,nan,nan
6/1/2023 19:10:05,1.17.0,20,80,3.89,nan,30,LeftinTimeOut,Right,2,0,0,0,nan,nan,nan
6/1/2023 19:10:06,1.17.0,20,80,3.89,nan,30,LeftinTimeOut,Right,2,0,0,0,nan,nan,nan
6/1/2023 19:10:06,1.17.0,20,80,3.89,nan,30,LeftinTimeOut,Right,2,0,0,0,nan,nan,nan
6/1/2023 19:10:09,1.17.0,20,80,3.89,nan,30,RightinTimeout,Right,2,0,0,0,nan,nan,0.07
6/1/2023 19:10:10,1.17.0,20,80,3.89,nan,30,RightinTimeout,Right,2,0,0,0,nan,nan,0.29
6/1/2023 19:10:12,1.17.0,20,80,3.89,nan,30,RightinTimeout,Right,2,0,0,0,nan,nan,0.29
6/1/2023 19:10:12,1.17.0,20,80,3.89,nan,30,RightinTimeout,Right,2,0,0,0,nan,nan,0.23
6/1/2023 19:10:13,1.17.0,20,80,3.89,nan,30,RightinTimeout,Right,2,0,0,0,nan,nan,0.22
6/1/2023 19:10:15,1.17.0,20,80,3.89,nan,30,LeftinTimeOut,Right,2,0,0,0,nan,nan,nan
6/1/2023 19:10:18,1.17.0,20,80,3.89,nan,30,RightinTimeout,Right,2,0,0,0,nan,nan,0.36
6/1/2023 19:10:24,1.17.0,20,80,3.89,nan,30,RightinTimeout,Right,2,0,0,0,nan,nan,0.11
6/1/2023 19:10:36,1.17.0,20,80,3.89,nan,30,Left,Right,3,0,0,0,nan,nan,0.10
6/1/2023 19:10:39,1.17.0,20,80,3.89,nan,30,RightinTimeout,Right,3,0,0,0,nan,nan,0.12
6/1/2023 19:10:40,1.17.0,20,80,3.89,nan,30,RightinTimeout,Right,3,0,0,0,nan,nan,0.28
6/1/2023 19:11:04,1.17.0,20,80,3.89,nan,30,Right,Left,3,1,0,0,nan,nan,0.00
6/1/2023 19:11:10,1.17.0,20,80,3.89,3,30,Pellet,Left,3,1,1,0,0.18,nan,nan
6/1/2023 19:11:28,1.17.0,20,80,3.89,nan,30,Right,Left,3,2,1,1,nan,nan,0.00
6/1/2023 19:11:31,1.17.0,20,80,3.89,2,30,Pellet,Left,3,2,2,1,0.06,21,nan
6/1/2023 19:11:43,1.17.0,20,80,3.89,nan,30,Left,Right,4,2,2,2,nan,nan,0.00
6/1/2023 19:11:50,1.17.0,20,80,3.89,nan,30,LeftinTimeOut,Right,4,2,2,2,nan,nan,nan
6/1/2023 19:11:52,1.17.0,20,80,3.89,nan,30,RightinTimeout,Right,4,2,2,2,nan,nan,0.12
6/1/2023 19:11:53,1.17.0,20,80,3.89,nan,30,RightinTimeout,Right,4,2,2,2,nan,nan,0.12
6/1/2023 19:11:59,1.17.0,20,80,3.89,nan,30,RightinTimeout,Right,4,2,2,2,nan,nan,0.24
6/1/2023 19:12:00,1.17.0,20,80,3.89,nan,30,RightinTimeout,Right,4,2,2,2,nan,nan,0.22
6/1/2023 19:12:01,1.17.0,20,80,3.89,nan,30,RightinTimeout,Right,4,2,2,2,nan,nan,0.21
6/1/2023 19:12:08,1.17.0,20,80,3.89,nan,30,LeftinTimeOut,Right,4,2,2,2,nan,nan,nan
6/1/2023 19:12:20,1.17.0,20,80,3.89,nan,30,Left,Right,5,2,2,2,nan,nan,0.00
6/1/2023 19:12:23,1.17.0,20,80,3.89,2,30,Pellet,Right,5,2,3,2,0.06,52,nan
6/1/2023 19:12:36,1.17.0,20,80,3.89,nan,30,Left,Right,6,2,3,3,nan,nan,0.00
6/1/2023 19:12:42,1.17.0,20,80,3.89,nan,30,LeftinTimeOut,Right,6,2,3,3,nan,nan,nan
6/1/2023 19:12:42,1.17.0,20,80,3.89,nan,30,LeftinTimeOut,Right,6,2,3,3,nan,nan,nan
6/1/2023 19:12:47,1.17.0,20,80,3.89,nan,30,LeftinTimeOut,Right,6,2,3,3,nan,nan,nan
6/1/2023 19:12:52,1.17.0,20,80,3.89,nan,30,RightinTimeout,Right,6,2,3,3,nan,nan,0.02
6/1/2023 19:12:54,1.17.0,20,80,3.89,nan,30,RightinTimeout,Right,6,2,3,3,nan,nan,1.35
6/1/2023 19:12:56,1.17.0,20,80,3.89,nan,30,RightinTimeout,Right,6,2,3,3,nan,nan,0.05
6/1/2023 19:12:57,1.17.0,20,80,3.89,nan,30,RightinTimeout,Right,6,2,3,3,nan,nan,0.39
6/1/2023 19:13:04,1.17.0,20,80,3.89,nan,30,LeftinTimeOut,Right,6,2,3,3,nan,nan,nan
6/1/2023 19:13:09,1.17.0,20,80,3.89,nan,30,LeftinTimeOut,Right,6,2,3,3,nan,nan,nan
6/1/2023 19:13:12,1.17.0,20,80,3.89,nan,30,LeftinTimeOut,Right,6,2,3,3,nan,nan,nan
6/1/2023 19:13:18,1.17.0,20,80,3.89,nan,30,RightinTimeout,Right,6,2,3,3,nan,nan,0.03
6/1/2023 19:13:19,1.17.0,20,80,3.89,nan,30,RightinTimeout,Right,6,2,3,3,nan,nan,0.77
6/1/2023 19:13:42,1.17.0,20,80,3.89,nan,30,Right,Left,6,3,3,3,nan,nan,0.00
6/1/2023 19:13:58,1.17.0,20,80,3.89,nan,30,Left,Right,7,3,3,3,nan,nan,0.00
6/1/2023 19:14:12,1.17.0,20,80,3.89,nan,30,Left,Right,8,3,3,3,nan,nan,0.01
6/1/2023 19:14:30,1.17.0,20,80,3.89,nan,30,Right,Left,8,4,3,3,nan,nan,0.00
6/1/2023 19:14:34,1.17.0,20,80,3.89,2,30,Pellet,Left,8,4,4,3,0.61,131,nan
6/1/2023 19:14:53,1.17.0,20,80,3.89,nan,30,Right,Left,8,5,4,4,nan,nan,0.00
6/1/2023 19:14:56,1.17.0,20,80,3.89,1,30,Pellet,Left,8,5,5,4,0.30,22,nan
6/1/2023 19:15:20,1.17.0,20,80,3.90,nan,30,Left,Right,9,5,5,5,nan,nan,0.00
6/1/2023 19:15:23,1.17.0,20,80,3.89,1,30,Pellet,Right,9,5,6,5,0.30,27,nan
6/1/2023 19:15:38,1.17.0,20,80,3.89,nan,30,Left,Right,10,5,6,6,nan,nan,0.00
6/1/2023 19:16:13,1.17.0,20,80,3.90,nan,30,Left,Right,11,5,6,6,nan,nan,0.00
6/1/2023 19:16:25,1.17.0,20,80,3.89,nan,30,RightinTimeout,Right,11,5,6,6,nan,nan,0.44
6/1/2023 19:16:37,1.17.0,20,80,3.89,nan,30,Left,Right,12,5,6,6,nan,nan,0.00
6/1/2023 19:16:42,1.17.0,20,80,3.89,nan,30,LeftinTimeOut,Right,12,5,6,6,nan,nan,nan
6/1/2023 19:17:01,1.17.0,20,80,3.89,nan,30,Right,Left,12,6,6,6,nan,nan,0.00
6/1/2023 19:17:22,1.17.0,20,80,3.89,nan,30,Right,Left,12,7,6,6,nan,nan,0.00
6/1/2023 19:17:42,1.17.0,20,80,3.88,nan,30,Right,Left,12,8,6,6,nan,nan,0.00
6/1/2023 19:17:57,1.17.0,20,80,3.89,nan,30,Left,Right,13,8,6,6,nan,nan,0.00
6/1/2023 19:18:03,1.17.0,20,80,3.89,nan,30,RightinTimeout,Right,13,8,6,6,nan,nan,0.07
6/1/2023 19:18:14,1.17.0,20,80,3.89,nan,30,Left,Right,14,8,6,6,nan,nan,0.00
6/1/2023 19:18:21,1.17.0,20,80,3.89,nan,30,LeftinTimeOut,Right,14,8,6,6,nan,nan,nan
6/1/2023 19:18:47,1.17.0,20,80,3.89,nan,30,Right,Left,14,9,6,6,nan,nan,0.00
6/1/2023 19:18:50,1.17.0,20,80,3.89,1,30,Pellet,Left,14,9,7,6,0.06,207,nan
6/1/2023 19:19:11,1.17.0,20,80,3.89,nan,30,Right,Left,14,10,7,7,nan,nan,0.00
6/1/2023 19:19:14,1.17.0,20,80,3.87,1,30,Pellet,Left,14,10,8,7,0.06,24,nan
6/1/2023 19:19:41,1.17.0,20,80,3.89,nan,30,Left,Right,15,10,8,8,nan,nan,0.00
6/1/2023 19:19:44,1.17.0,20,80,3.89,1,30,Pellet,Right,15,10,9,8,0.06,30,nan
6/1/2023 19:20:03,1.17.0,20,80,3.89,nan,30,Left,Right,16,10,9,9,nan,nan,0.04
6/1/2023 19:20:13,1.17.0,20,80,3.87,nan,30,LeftinTimeOut,Right,16,10,9,9,nan,nan,nan
6/1/2023 19:20:32,1.17.0,20,80,3.87,nan,30,Right,Left,16,11,9,9,nan,nan,0.00
6/1/2023 19:20:35,1.17.0,20,80,3.89,1,30,Pellet,Left,16,11,10,9,0.18,51,nan
6/1/2023 19:20:52,1.17.0,20,80,3.89,nan,30,Right,Left,16,12,10,10,nan,nan,0.00
6/1/2023 19:20:55,1.17.0,20,80,3.89,1,30,Pellet,Left,16,12,11,10,0.12,20,nan
6/1/2023 19:21:16,1.17.0,20,80,3.89,nan,30,Right,Left,16,13,11,11,nan,nan,0.00
6/1/2023 19:21:19,1.17.0,20,80,3.89,1,30,Pellet,Left,16,13,12,11,0.12,24,nan
6/1/2023 19:21:40,1.17.0,20,80,3.89,nan,30,Right,Left,16,14,12,12,nan,nan,0.00
6/1/2023 19:21:46,1.17.0,20,80,3.89,nan,30,RightinTimeout,Left,16,14,12,12,nan,nan,0.10
6/1/2023 19:22:45,1.17.0,20,80,3.89,nan,30,Right,Left,16,15,12,12,nan,nan,0.00
6/1/2023 19:22:58,1.17.0,20,80,3.89,nan,30,RightinTimeout,Left,16,15,12,12,nan,nan,0.08
6/1/2023 19:23:23,1.17.0,20,80,3.89,nan,30,Right,Left,16,16,12,12,nan,nan,0.00
6/1/2023 19:23:31,1.17.0,20,80,3.89,nan,30,RightinTimeout,Left,16,16,12,12,nan,nan,0.03
6/1/2023 19:23:31,1.17.0,20,80,3.89,nan,30,RightinTimeout,Left,16,16,12,12,nan,nan,0.12
6/1/2023 19:23:58,1.17.0,20,80,3.89,nan,30,Right,Left,16,17,12,12,nan,nan,0.00
6/1/2023 19:24:01,1.17.0,20,80,3.89,1,30,Pellet,Left,16,17,13,12,0.06,162,nan
6/1/2023 19:24:20,1.17.0,20,80,3.89,nan,30,Right,Left,16,18,13,13,nan,nan,0.00
6/1/2023 19:24:23,1.17.0,20,80,3.89,1,30,Pellet,Left,16,18,14,13,0.12,22,nan
6/1/2023 19:24:41,1.17.0,20,80,3.89,nan,30,Right,Left,16,19,14,14,nan,nan,0.00
6/1/2023 19:24:44,1.17.0,20,80,3.89,1,30,Pellet,Left,16,19,15,14,0.06,21,nan
6/1/2023 19:25:04,1.17.0,20,80,3.89,nan,30,Right,Left,16,20,15,15,nan,nan,0.00
6/1/2023 19:25:07,1.17.0,20,80,3.89,1,30,Pellet,Left,16,20,16,15,0.12,23,nan
6/1/2023 19:25:25,1.17.0,20,80,3.89,nan,30,Right,Left,16,21,16,16,nan,nan,0.00
6/1/2023 19:25:28,1.17.0,20,80,3.89,1,30,Pellet,Left,16,21,17,16,0.18,21,nan
6/1/2023 19:25:48,1.17.0,20,80,3.89,nan,30,Right,Left,16,22,17,17,nan,nan,0.00
6/1/2023 19:25:51,1.17.0,20,80,3.89,1,30,Pellet,Left,16,22,18,17,0.12,23,nan
6/1/2023 19:26:08,1.17.0,20,80,3.89,nan,30,Right,Left,16,23,18,18,nan,nan,0.00
6/1/2023 19:26:11,1.17.0,20,80,3.89,1,30,Pellet,Left,16,23,19,18,0.18,20,nan
6/1/2023 19:26:27,1.17.0,20,80,3.89,nan,30,Right,Left,16,24,19,19,nan,nan,0.00
6/1/2023 19:26:30,1.17.0,20,80,3.87,1,30,Pellet,Left,16,24,20,19,0.48,19,nan
6/1/2023 19:26:49,1.17.0,20,80,3.89,nan,30,Right,Left,16,25,20,20,nan,nan,0.00
6/1/2023 19:26:52,1.17.0,20,80,3.89,1,30,Pellet,Left,16,25,21,20,0.06,22,nan
6/1/2023 19:27:13,1.17.0,20,80,3.89,nan,30,Right,Left,16,26,21,21,nan,nan,0.00
6/1/2023 19:27:17,1.17.0,20,80,3.89,nan,30,RightinTimeout,Left,16,26,21,21,nan,nan,0.07
6/1/2023 19:27:18,1.17.0,20,80,3.89,nan,30,RightinTimeout,Left,16,26,21,21,nan,nan,0.39
6/1/2023 19:30:17,1.17.0,20,80,3.89,nan,30,Right,Left,16,27,21,21,nan,nan,0.00
6/1/2023 19:30:21,1.17.0,20,80,3.89,1,30,Pellet,Left,16,27,22,21,0.42,208,nan
6/1/2023 19:30:43,1.17.0,20,80,3.89,nan,30,Right,Left,16,28,22,22,nan,nan,0.00
6/1/2023 19:30:47,1.17.0,20,80,3.89,2,30,Pellet,Left,16,28,23,22,0.61,27,nan
6/1/2023 19:31:05,1.17.0,20,80,3.89,nan,30,Right,Left,16,29,23,23,nan,nan,0.00
6/1/2023 19:31:08,1.17.0,20,80,3.89,1,30,Pellet,Left,16,29,24,23,0.24,21,nan
6/1/2023 19:35:12,1.17.0,20,80,3.89,nan,30,Right,Left,16,30,24,24,nan,nan,0.00
6/1/2023 19:35:16,1.17.0,20,80,3.89,1,30,Pellet,Left,16,30,25,24,1.03,248,nan
6/1/2023 19:37:37,1.17.0,20,80,3.89,nan,30,Right,Left,16,31,25,25,nan,nan,0.00
6/1/2023 19:37:41,1.17.0,20,80,3.89,1,30,Pellet,Left,16,31,26,25,1.40,145,nan
6/1/2023 19:40:27,1.17.0,20,80,3.89,nan,30,Right,Left,16,32,26,26,nan,nan,0.00
6/1/2023 19:40:31,1.17.0,20,80,3.89,1,30,Pellet,Left,16,32,27,26,0.79,169,nan
6/1/2023 19:52:34,1.17.0,20,80,3.89,nan,30,Right,Left,16,33,27,27,nan,nan,0.00
6/1/2023 19:52:38,1.17.0,20,80,3.89,1,30,Pellet,Left,16,33,28,27,0.18,727,nan
6/1/2023 19:52:59,1.17.0,20,80,3.89,nan,30,Right,Left,16,34,28,28,nan,nan,0.00
6/1/2023 19:53:02,1.17.0,20,80,3.89,1,30,Pellet,Left,16,34,29,28,0.55,25,nan
6/1/2023 20:03:21,1.17.0,20,80,3.89,nan,30,Right,Left,16,35,29,29,nan,nan,0.00
6/1/2023 20:10:16,1.17.0,20,80,3.89,nan,30,Right,Left,16,36,29,29,nan,nan,0.00
6/1/2023 20:10:43,1.17.0,20,80,3.89,nan,30,Right,Left,16,37,29,29,nan,nan,0.00
6/1/2023 20:11:01,1.17.0,20,80,3.89,nan,30,Right,Left,16,38,29,29,nan,nan,0.31
6/1/2023 20:11:15,1.17.0,20,80,3.89,nan,30,Right,Left,16,39,29,29,nan,nan,0.00
6/1/2023 20:17:30,1.17.0,20,80,3.89,nan,30,Right,Left,16,40,29,29,nan,nan,0.00
6/1/2023 20:17:40,1.17.0,20,80,3.89,nan,30,RightinTimeout,Left,16,40,29,29,nan,nan,1.38
6/1/2023 20:17:42,1.17.0,20,80,3.89,nan,30,RightinTimeout,Left,16,40,29,29,nan,nan,1.84
6/1/2023 20:17:47,1.17.0,20,80,3.89,nan,30,RightinTimeout,Left,16,40,29,29,nan,nan,0.67
6/1/2023 20:17:47,1.17.0,20,80,3.89,nan,30,RightinTimeout,Left,16,40,29,29,nan,nan,0.02
6/1/2023 20:17:54,1.17.0,20,80,3.89,nan,30,LeftinTimeOut,Left,16,40,29,29,nan,nan,nan
6/1/2023 20:17:56,1.17.0,20,80,3.89,nan,30,LeftinTimeOut,Left,16,40,29,29,nan,nan,nan
6/1/2023 20:18:03,1.17.0,20,80,3.90,nan,30,LeftinTimeOut,Left,16,40,29,29,nan,nan,nan
6/1/2023 20:18:05,1.17.0,20,80,3.89,nan,30,RightinTimeout,Left,16,40,29,29,nan,nan,0.11
6/1/2023 20:18:07,1.17.0,20,80,3.89,nan,30,RightinTimeout,Left,16,40,29,29,nan,nan,1.11
6/1/2023 20:18:18,1.17.0,20,80,3.89,nan,30,Right,Left,16,41,29,29,nan,nan,0.00
6/1/2023 20:18:30,1.17.0,20,80,3.89,nan,30,RightinTimeout,Left,16,41,29,29,nan,nan,0.11
6/1/2023 20:18:31,1.17.0,20,80,3.89,nan,30,RightinTimeout,Left,16,41,29,29,nan,nan,0.27
6/1/2023 20:18:48,1.17.0,20,80,3.89,nan,30,Right,Left,16,42,29,29,nan,nan,0.39
6/1/2023 20:18:52,1.17.0,20,80,3.89,1,30,Pellet,Left,16,42,30,29,0.12,1549,nan
6/1/2023 20:19:18,1.17.0,80,20,3.89,nan,30,Left,Left,17,42,30,0,nan,nan,0.00
6/1/2023 20:19:21,1.17.0,80,20,3.89,1,30,Pellet,Left,17,42,31,0,0.12,30,nan
6/1/2023 20:19:41,1.17.0,80,20,3.89,nan,30,Right,Right,17,43,31,1,nan,nan,0.00
6/1/2023 20:19:48,1.17.0,80,20,3.89,nan,30,RightinTimeout,Right,17,43,31,1,nan,nan,0.45
6/1/2023 20:19:49,1.17.0,80,20,3.89,nan,30,RightinTimeout,Right,17,43,31,1,nan,nan,0.34
6/1/2023 20:19:52,1.17.0,80,20,3.89,nan,30,RightinTimeout,Right,17,43,31,1,nan,nan,0.07
6/1/2023 20:20:03,1.17.0,80,20,3.89,nan,30,RightinTimeout,Right,17,43,31,1,nan,nan,5.98
6/1/2023 20:20:04,1.17.0,80,20,3.89,nan,30,RightinTimeout,Right,17,43,31,1,nan,nan,0.21
6/1/2023 20:20:05,1.17.0,80,20,3.89,nan,30,RightinTimeout,Right,17,43,31,1,nan,nan,0.76
6/1/2023 20:20:25,1.17.0,80,20,3.89,nan,30,Right,Right,17,44,31,1,nan,nan,0.00
6/1/2023 20:20:43,1.17.0,80,20,3.89,nan,30,Right,Right,17,45,31,1,nan,nan,0.10
6/1/2023 20:21:31,1.17.0,80,20,3.89,nan,30,Right,Right,17,46,31,1,nan,nan,0.00
6/1/2023 20:25:09,1.17.0,80,20,3.89,nan,30,Right,Right,17,47,31,1,nan,nan,0.05
6/1/2023 20:28:52,1.17.0,80,20,3.89,nan,30,Left,Left,18,47,31,1,nan,nan,0.00
6/1/2023 20:29:14,1.17.0,80,20,3.89,nan,30,Right,Right,18,48,31,1,nan,nan,0.00
6/1/2023 20:29:25,1.17.0,80,20,3.89,nan,30,RightinTimeout,Right,18,48,31,1,nan,nan,1.58
6/1/2023 20:29:28,1.17.0,80,20,3.89,nan,30,RightinTimeout,Right,18,48,31,1,nan,nan,0.27
6/1/2023 20:29:31,1.17.0,80,20,3.89,nan,30,LeftinTimeOut,Right,18,48,31,1,nan,nan,nan
6/1/2023 20:29:34,1.17.0,80,20,3.89,nan,30,RightinTimeout,Right,18,48,31,1,nan,nan,0.02
6/1/2023 20:29:51,1.17.0,80,20,3.89,nan,30,Left,Left,19,48,31,1,nan,nan,0.00
6/1/2023 20:29:55,1.17.0,80,20,3.89,1,30,Pellet,Left,19,48,32,1,0.73,633,nan
6/1/2023 20:30:13,1.17.0,80,20,3.89,nan,30,Right,Right,19,49,32,2,nan,nan,0.00
6/1/2023 20:30:17,1.17.0,80,20,3.89,2,30,Pellet,Right,19,49,33,2,0.91,23,nan
6/1/2023 20:30:37,1.17.0,80,20,3.89,nan,30,Right,Right,19,50,33,3,nan,nan,0.00
6/1/2023 20:30:55,1.17.0,80,20,3.89,nan,30,Right,Right,19,51,33,3,nan,nan,0.00
6/1/2023 20:30:58,1.17.0,80,20,3.89,1,30,Pellet,Right,19,51,34,3,0.79,41,nan
6/1/2023 20:31:17,1.17.0,80,20,3.89,nan,30,Right,Right,19,52,34,4,nan,nan,0.00
6/1/2023 20:31:29,1.17.0,80,20,3.89,nan,30,RightinTimeout,Right,19,52,34,4,nan,nan,0.01
6/1/2023 20:31:30,1.17.0,80,20,3.89,nan,30,RightinTimeout,Right,19,52,34,4,nan,nan,0.42
6/1/2023 20:31:30,1.17.0,80,20,3.89,nan,30,RightinTimeout,Right,19,52,34,4,nan,nan,0.40
6/1/2023 20:31:43,1.17.0,80,20,3.89,nan,30,Right,Right,19,53,34,4,nan,nan,0.03
6/1/2023 20:32:10,1.17.0,80,20,3.89,nan,30,Left,Left,20,53,34,4,nan,nan,0.00
6/1/2023 20:34:17,1.17.0,80,20,3.89,nan,30,Left,Left,21,53,34,4,nan,nan,0.04
6/1/2023 20:34:21,1.17.0,80,20,3.89,1,30,Pellet,Left,21,53,35,4,0.73,202,nan
6/1/2023 20:34:48,1.17.0,80,20,3.89,nan,30,Right,Right,21,54,35,5,nan,nan,0.00
6/1/2023 20:35:07,1.17.0,80,20,3.89,nan,30,Right,Right,21,55,35,5,nan,nan,0.61
6/1/2023 20:35:27,1.17.0,80,20,3.89,nan,30,Right,Right,21,56,35,5,nan,nan,0.00
6/1/2023 20:35:30,1.17.0,80,20,3.89,1,30,Pellet,Right,21,56,36,5,0.24,70,nan
6/1/2023 20:35:50,1.17.0,80,20,3.89,nan,30,Right,Right,21,57,36,6,nan,nan,0.00
6/1/2023 20:36:08,1.17.0,80,20,3.89,nan,30,Right,Right,21,58,36,6,nan,nan,0.00
6/1/2023 20:36:11,1.17.0,80,20,3.89,1,30,Pellet,Right,21,58,37,6,0.06,41,nan
6/1/2023 20:36:36,1.17.0,80,20,3.89,nan,30,Right,Right,21,59,37,7,nan,nan,0.00
6/1/2023 20:36:55,1.17.0,80,20,3.89,nan,30,Right,Right,21,60,37,7,nan,nan,0.00
6/1/2023 20:38:30,1.17.0,80,20,3.89,nan,30,Right,Right,21,61,37,7,nan,nan,0.00
6/1/2023 20:38:34,1.17.0,80,20,3.89,1,30,Pellet,Right,21,61,38,7,0.61,142,nan
6/1/2023 20:38:55,1.17.0,80,20,3.89,nan,30,Right,Right,21,62,38,8,nan,nan,0.00
6/1/2023 20:39:59,1.17.0,80,20,3.89,nan,30,Right,Right,21,63,38,8,nan,nan,0.00
6/1/2023 20:40:16,1.17.0,80,20,3.88,nan,30,Right,Right,21,64,38,8,nan,nan,0.00
6/1/2023 20:40:53,1.17.0,80,20,3.89,nan,30,Left,Left,22,64,38,8,nan,nan,0.00
6/1/2023 20:41:13,1.17.0,80,20,3.89,1,30,Pellet,Left,22,64,39,8,17.44,160,nan
6/1/2023 20:42:21,1.17.0,80,20,3.89,nan,30,Right,Right,22,65,39,9,nan,nan,0.00
6/1/2023 20:42:39,1.17.0,80,20,3.89,nan,30,Right,Right,22,66,39,9,nan,nan,0.00
6/1/2023 20:42:53,1.17.0,80,20,3.89,nan,30,Right,Right,22,67,39,9,nan,nan,0.00
6/1/2023 20:43:53,1.17.0,80,20,3.89,nan,30,Left,Left,23,67,39,9,nan,nan,0.00
6/1/2023 20:45:08,1.17.0,80,20,3.89,nan,30,Left,Left,24,67,39,9,nan,nan,0.02
6/1/2023 20:45:11,1.17.0,80,20,3.89,1,30,Pellet,Left,24,67,40,9,0.30,238,nan
6/1/2023 20:45:29,1.17.0,80,20,3.89,nan,30,Left,Left,25,67,40,10,nan,nan,0.00
6/1/2023 20:45:32,1.17.0,80,20,3.89,1,30,Pellet,Left,25,67,41,10,0.18,21,nan
6/1/2023 20:45:49,1.17.0,80,20,3.89,nan,30,Left,Left,26,67,41,11,nan,nan,0.00
6/1/2023 20:45:55,1.17.0,80,20,3.89,2,30,Pellet,Left,26,67,42,11,0.18,23,nan
6/1/2023 20:46:14,1.17.0,80,20,3.89,nan,30,Left,Left,27,67,42,12,nan,nan,0.00
6/1/2023 20:48:56,1.17.0,80,20,3.89,nan,30,Right,Right,27,68,42,12,nan,nan,0.00
6/1/2023 20:49:09,1.17.0,80,20,3.89,nan,30,RightinTimeout,Right,27,68,42,12,nan,nan,0.17
6/1/2023 20:49:10,1.17.0,80,20,3.89,nan,30,RightinTimeout,Right,27,68,42,12,nan,nan,0.39
6/1/2023 20:49:13,1.17.0,80,20,3.89,nan,30,RightinTimeout,Right,27,68,42,12,nan,nan,0.02
6/1/2023 20:49:50,1.17.0,80,20,3.89,nan,30,Right,Right,27,69,42,12,nan,nan,0.00
6/1/2023 20:50:20,1.17.0,80,20,3.89,nan,30,Left,Left,28,69,42,12,nan,nan,0.00
6/1/2023 20:50:23,1.17.0,80,20,3.89,1,30,Pellet,Left,28,69,43,12,0.06,268,nan
6/1/2023 20:50:57,1.17.0,80,20,3.89,nan,30,Left,Left,29,69,43,13,nan,nan,0.00
6/1/2023 20:51:00,1.17.0,80,20,3.89,2,30,Pellet,Left,29,69,44,13,0.06,37,nan
6/1/2023 20:51:20,1.17.0,80,20,3.89,nan,30,Left,Left,30,69,44,14,nan,nan,0.00
6/1/2023 20:54:42,1.17.0,80,20,3.89,nan,30,Right,Right,30,70,44,14,nan,nan,0.00
6/1/2023 20:57:31,1.17.0,80,20,3.89,nan,30,Right,Right,30,71,44,14,nan,nan,0.00
6/1/2023 20:57:44,1.17.0,80,20,3.89,nan,30,RightinTimeout,Right,30,71,44,14,nan,nan,2.41
6/1/2023 20:57:50,1.17.0,80,20,3.89,nan,30,RightinTimeout,Right,30,71,44,14,nan,nan,0.31
6/1/2023 20:57:54,1.17.0,80,20,3.89,nan,30,LeftinTimeOut,Right,30,71,44,14,nan,nan,nan
6/1/2023 20:57:55,1.17.0,80,20,3.89,nan,30,LeftinTimeOut,Right,30,71,44,14,nan,nan,nan
6/1/2023 20:58:00,1.17.0,80,20,3.89,nan,30,LeftinTimeOut,Right,30,71,44,14,nan,nan,nan
6/1/2023 20:58:01,1.17.0,80,20,3.89,nan,30,LeftinTimeOut,Right,30,71,44,14,nan,nan,nan
6/1/2023 20:58:08,1.17.0,80,20,3.89,nan,30,LeftinTimeOut,Right,30,71,44,14,nan,nan,nan
6/1/2023 20:58:09,1.17.0,80,20,3.89,nan,30,LeftinTimeOut,Right,30,71,44,14,nan,nan,nan
6/1/2023 20:58:10,1.17.0,80,20,3.89,nan,30,LeftinTimeOut,Right,30,71,44,14,nan,nan,nan
6/1/2023 20:58:24,1.17.0,80,20,3.89,nan,30,Right,Right,30,72,44,14,nan,nan,0.00
6/1/2023 21:04:49,1.17.0,80,20,3.89,nan,30,Right,Right,30,73,44,14,nan,nan,0.12
6/1/2023 21:05:10,1.17.0,80,20,3.88,nan,30,Right,Right,30,74,44,14,nan,nan,0.00
6/1/2023 21:05:24,1.17.0,80,20,3.89,nan,30,Right,Right,30,75,44,14,nan,nan,0.00
6/1/2023 21:05:36,1.17.0,80,20,3.89,nan,30,LeftinTimeOut,Right,30,75,44,14,nan,nan,nan
6/1/2023 21:05:37,1.17.0,80,20,3.89,nan,30,LeftinTimeOut,Right,30,75,44,14,nan,nan,nan
6/1/2023 21:05:39,1.17.0,80,20,3.89,nan,30,LeftinTimeOut,Right,30,75,44,14,nan,nan,nan
6/1/2023 21:05:40,1.17.0,80,20,3.89,nan,30,LeftinTimeOut,Right,30,75,44,14,nan,nan,nan
6/1/2023 21:05:58,1.17.0,80,20,3.89,nan,30,Right,Right,30,76,44,14,nan,nan,0.00
6/1/2023 21:06:01,1.17.0,80,20,3.89,1,30,Pellet,Right,30,76,45,14,0.48,901,nan
6/1/2023 21:06:21,1.17.0,80,20,3.89,nan,30,Right,Right,30,77,45,15,nan,nan,0.00
6/1/2023 21:06:38,1.17.0,80,20,3.89,nan,30,Left,Left,31,77,45,15,nan,nan,0.00
6/1/2023 21:06:41,1.17.0,80,20,3.89,1,30,Pellet,Left,31,77,46,15,0.06,40,nan
6/1/2023 21:07:02,1.17.0,80,20,3.89,nan,30,Right,Right,31,78,46,16,nan,nan,0.00
6/1/2023 21:07:13,1.17.0,80,20,3.89,nan,30,RightinTimeout,Right,31,78,46,16,nan,nan,0.44
6/1/2023 21:07:29,1.17.0,80,20,3.89,nan,30,Right,Right,31,79,46,16,nan,nan,0.00
6/1/2023 21:07:46,1.17.0,80,20,3.89,nan,30,Right,Right,31,80,46,16,nan,nan,0.00
6/1/2023 21:07:59,1.17.0,80,20,3.89,nan,30,RightinTimeout,Right,31,80,46,16,nan,nan,1.09
6/1/2023 21:08:11,1.17.0,80,20,3.87,nan,30,Left,Left,32,80,46,16,nan,nan,0.00
6/1/2023 21:08:14,1.17.0,80,20,3.89,1,30,Pellet,Left,32,80,47,16,0.12,93,nan
6/1/2023 21:08:32,1.17.0,80,20,3.89,nan,30,Right,Right,32,81,47,17,nan,nan,0.00
6/1/2023 21:08:49,1.17.0,80,20,3.89,nan,30,Right,Right,32,82,47,17,nan,nan,0.00
6/1/2023 21:08:52,1.17.0,80,20,3.89,1,30,Pellet,Right,32,82,48,17,0.06,38,nan
6/1/2023 21:09:14,1.17.0,80,20,3.89,nan,30,Right,Right,32,83,48,18,nan,nan,0.00
6/1/2023 21:09:31,1.17.0,80,20,3.89,nan,30,Left,Left,33,83,48,18,nan,nan,0.00
6/1/2023 21:09:34,1.17.0,80,20,3.89,1,30,Pellet,Left,33,83,49,18,0.24,42,nan
6/1/2023 21:10:04,1.17.0,80,20,3.88,nan,30,Left,Left,34,83,49,19,nan,nan,0.00
6/1/2023 21:10:07,1.17.0,80,20,3.89,1,30,Pellet,Left,34,83,50,19,0.36,33,nan
6/1/2023 21:10:43,1.17.0,80,20,3.89,nan,30,Left,Left,35,83,50,20,nan,nan,0.00
6/1/2023 21:10:46,1.17.0,80,20,3.89,1,30,Pellet,Left,35,83,51,20,0.18,39,nan
6/1/2023 21:11:08,1.17.0,80,20,3.89,nan,30,Right,Right,35,84,51,21,nan,nan,0.00
6/1/2023 21:11:30,1.17.0,80,20,3.89,nan,30,Left,Left,36,84,51,21,nan,nan,0.00
6/1/2023 21:11:33,1.17.0,80,20,3.87,1,30,Pellet,Left,36,84,52,21,0.36,47,nan
6/1/2023 21:11:57,1.17.0,80,20,3.89,nan,30,Left,Left,37,84,52,22,nan,nan,0.02
6/1/2023 21:12:00,1.17.0,80,20,3.89,1,30,Pellet,Left,37,84,53,22,0.12,27,nan
6/1/2023 21:12:21,1.17.0,80,20,3.89,nan,30,Left,Left,38,84,53,23,nan,nan,0.00
6/1/2023 21:12:24,1.17.0,80,20,3.89,1,30,Pellet,Left,38,84,54,23,0.06,24,nan
6/1/2023 21:12:49,1.17.0,80,20,3.89,nan,30,Left,Left,39,84,54,24,nan,nan,0.00
6/1/2023 21:13:19,1.17.0,80,20,3.89,nan,30,Right,Right,39,85,54,24,nan,nan,0.00
6/1/2023 21:13:22,1.17.0,80,20,3.89,1,30,Pellet,Right,39,85,55,24,0.12,58,nan
6/1/2023 21:13:42,1.17.0,80,20,3.89,nan,30,Right,Right,39,86,55,25,nan,nan,0.00
6/1/2023 21:17:34,1.17.0,80,20,3.89,nan,30,Right,Right,39,87,55,25,nan,nan,0.00
6/1/2023 21:19:34,1.17.0,80,20,3.89,nan,30,Right,Right,39,88,55,25,nan,nan,0.01
6/1/2023 21:19:45,1.17.0,80,20,3.89,nan,30,LeftinTimeOut,Right,39,88,55,25,nan,nan,nan
6/1/2023 21:19:52,1.17.0,80,20,3.89,nan,30,LeftinTimeOut,Right,39,88,55,25,nan,nan,nan
6/1/2023 21:20:17,1.17.0,80,20,3.89,nan,30,Right,Right,39,89,55,25,nan,nan,0.00
6/1/2023 21:21:35,1.17.0,80,20,3.89,nan,30,Right,Right,39,90,55,25,nan,nan,0.00
6/1/2023 21:30:08,1.17.0,80,20,3.89,nan,30,Right,Right,39,91,55,25,nan,nan,0.00
6/1/2023 21:30:14,1.17.0,80,20,3.89,2,30,Pellet,Right,39,91,56,25,0.85,1012,nan
6/1/2023 21:30:32,1.17.0,80,20,3.89,nan,30,Right,Right,39,92,56,26,nan,nan,0.00
6/1/2023 21:30:51,1.17.0,80,20,3.89,nan,30,Right,Right,39,93,56,26,nan,nan,0.00
6/1/2023 21:35:33,1.17.0,80,20,3.89,nan,30,Right,Right,39,94,56,26,nan,nan,0.00
6/1/2023 21:35:46,1.17.0,80,20,3.89,nan,30,RightinTimeout,Right,39,94,56,26,nan,nan,0.74
6/1/2023 21:35:53,1.17.0,80,20,3.89,nan,30,LeftinTimeOut,Right,39,94,56,26,nan,nan,nan
6/1/2023 21:36:04,1.17.0,80,20,3.89,nan,30,Right,Right,39,95,56,26,nan,nan,0.00
6/1/2023 21:36:07,1.17.0,80,20,3.89,1,30,Pellet,Right,39,95,57,26,0.24,353,nan
6/1/2023 21:36:30,1.17.0,80,20,3.89,nan,30,Right,Right,39,96,57,27,nan,nan,0.00
6/1/2023 21:36:34,1.17.0,80,20,3.89,1,30,Pellet,Right,39,96,58,27,0.12,27,nan
6/1/2023 21:36:57,1.17.0,80,20,3.88,nan,30,Right,Right,39,97,58,28,nan,nan,0.00
6/1/2023 21:37:20,1.17.0,80,20,3.89,nan,30,Right,Right,39,98,58,28,nan,nan,0.00
6/1/2023 21:37:35,1.17.0,80,20,3.89,nan,30,Left,Left,40,98,58,28,nan,nan,0.00
6/1/2023 21:37:48,1.17.0,80,20,3.89,2,30,Pellet,Left,40,98,59,28,8.03,74,nan
6/1/2023 21:38:11,1.17.0,80,20,3.88,nan,30,Right,Right,40,99,59,29,nan,nan,0.00
6/1/2023 21:38:15,1.17.0,80,20,3.88,1,30,Pellet,Right,40,99,60,29,0.12,26,nan
6/1/2023 21:38:40,1.17.0,20,80,3.89,nan,30,Right,Left,40,100,60,0,nan,nan,0.00
6/1/2023 21:38:43,1.17.0,20,80,3.87,1,30,Pellet,Left,40,100,61,0,0.12,29,nan
6/1/2023 21:39:05,1.17.0,20,80,3.89,nan,30,Right,Left,40,101,61,1,nan,nan,0.04
6/1/2023 21:39:08,1.17.0,20,80,3.88,1,30,Pellet,Left,40,101,62,1,0.12,25,nan
6/1/2023 21:39:35,1.17.0,20,80,3.88,nan,30,Right,Left,40,102,62,2,nan,nan,0.00
6/1/2023 21:42:32,1.17.0,20,80,3.89,nan,30,Right,Left,40,103,62,2,nan,nan,0.21
6/1/2023 21:42:35,1.17.0,20,80,3.89,1,30,Pellet,Left,40,103,63,2,0.06,207,nan
6/1/2023 21:42:55,1.17.0,20,80,3.89,nan,30,Right,Left,40,104,63,3,nan,nan,0.00
6/1/2023 21:42:58,1.17.0,20,80,3.88,1,30,Pellet,Left,40,104,64,3,0.42,23,nan
6/1/2023 21:43:16,1.17.0,20,80,3.89,nan,30,Right,Left,40,105,64,4,nan,nan,0.00
6/1/2023 21:43:49,1.17.0,20,80,3.89,nan,30,Right,Left,40,106,64,4,nan,nan,0.00
6/1/2023 21:43:52,1.17.0,20,80,3.88,1,30,Pellet,Left,40,106,65,4,0.24,54,nan
6/1/2023 21:44:13,1.17.0,20,80,3.89,nan,30,Right,Left,40,107,65,5,nan,nan,0.00
6/1/2023 21:44:16,1.17.0,20,80,3.89,1,30,Pellet,Left,40,107,66,5,0.06,24,nan
6/1/2023 21:44:44,1.17.0,20,80,3.89,nan,30,Right,Left,40,108,66,6,nan,nan,0.00
6/1/2023 21:44:47,1.17.0,20,80,3.89,1,30,Pellet,Left,40,108,67,6,0.06,31,nan
6/1/2023 21:45:12,1.17.0,20,80,3.88,nan,30,Right,Left,40,109,67,7,nan,nan,0.00
6/1/2023 21:45:15,1.17.0,20,80,3.89,1,30,Pellet,Left,40,109,68,7,0.18,28,nan
6/1/2023 21:45:45,1.17.0,20,80,3.89,nan,30,Right,Left,40,110,68,8,nan,nan,0.00
6/1/2023 21:48:43,1.17.0,20,80,3.88,nan,30,Right,Left,40,111,68,8,nan,nan,0.08
6/1/2023 21:48:46,1.17.0,20,80,3.89,1,30,Pellet,Left,40,111,69,8,0.12,211,nan
6/1/2023 21:49:06,1.17.0,20,80,3.89,nan,30,Right,Left,40,112,69,9,nan,nan,0.00
6/1/2023 21:49:12,1.17.0,20,80,3.88,2,30,Pellet,Left,40,112,70,9,0.24,26,nan
6/1/2023 21:49:38,1.17.0,20,80,3.89,nan,30,Right,Left,40,113,70,10,nan,nan,0.00
6/1/2023 21:49:41,1.17.0,20,80,3.89,1,30,Pellet,Left,40,113,71,10,0.06,29,nan
6/1/2023 21:50:00,1.17.0,20,80,3.88,nan,30,Right,Left,40,114,71,11,nan,nan,0.00
6/1/2023 21:50:04,1.17.0,20,80,3.88,1,30,Pellet,Left,40,114,72,11,0.12,23,nan
6/1/2023 21:50:26,1.17.0,20,80,3.87,nan,30,Right,Left,40,115,72,12,nan,nan,0.00
6/1/2023 21:50:29,1.17.0,20,80,3.89,1,30,Pellet,Left,40,115,73,12,0.55,25,nan
6/1/2023 21:50:55,1.17.0,20,80,3.89,nan,30,Right,Left,40,116,73,13,nan,nan,0.00
6/1/2023 21:50:59,1.17.0,20,80,3.89,1,30,Pellet,Left,40,116,74,13,0.67,30,nan
6/1/2023 21:51:22,1.17.0,20,80,3.89,nan,30,Right,Left,40,117,74,14,nan,nan,0.00
6/1/2023 21:51:26,1.17.0,20,80,3.89,1,30,Pellet,Left,40,117,75,14,0.36,27,nan
6/1/2023 21:51:47,1.17.0,20,80,3.89,nan,30,Right,Left,40,118,75,15,nan,nan,0.00
6/1/2023 21:51:53,1.17.0,20,80,3.89,2,30,Pellet,Left,40,118,76,15,0.12,27,nan
6/1/2023 21:52:13,1.17.0,20,80,3.89,nan,30,Right,Left,40,119,76,16,nan,nan,0.00
6/1/2023 21:52:18,1.17.0,20,80,3.88,2,30,Pellet,Left,40,119,77,16,0.24,25,nan
6/1/2023 21:52:42,1.17.0,20,80,3.88,nan,30,Right,Left,40,120,77,17,nan,nan,0.26
6/1/2023 22:05:24,1.17.0,20,80,3.88,nan,30,Right,Left,40,121,77,17,nan,nan,0.00
6/1/2023 22:05:27,1.17.0,20,80,3.89,1,30,Pellet,Left,40,121,78,17,0.30,789,nan
6/1/2023 22:05:48,1.17.0,20,80,3.89,nan,30,Right,Left,40,122,78,18,nan,nan,0.00
6/1/2023 22:05:56,1.17.0,20,80,3.89,nan,30,RightinTimeout,Left,40,122,78,18,nan,nan,0.11
6/1/2023 22:12:23,1.17.0,20,80,3.89,nan,30,Right,Left,40,123,78,18,nan,nan,0.00
6/1/2023 22:12:26,1.17.0,20,80,3.88,1,30,Pellet,Left,40,123,79,18,0.12,419,nan
6/1/2023 22:12:46,1.17.0,20,80,3.88,nan,30,Right,Left,40,124,79,19,nan,nan,0.00
6/1/2023 22:12:50,1.17.0,20,80,3.88,1,30,Pellet,Left,40,124,80,19,0.36,24,nan
6/1/2023 22:13:12,1.17.0,20,80,3.89,nan,30,Right,Left,40,125,80,20,nan,nan,0.00
6/1/2023 22:13:15,1.17.0,20,80,3.88,1,30,Pellet,Left,40,125,81,20,0.06,25,nan
6/1/2023 22:13:32,1.17.0,20,80,3.89,nan,30,Right,Left,40,126,81,21,nan,nan,0.00
6/1/2023 22:13:35,1.17.0,20,80,3.89,1,30,Pellet,Left,40,126,82,21,0.18,20,nan
6/1/2023 22:13:54,1.17.0,20,80,3.88,nan,30,Right,Left,40,127,82,22,nan,nan,0.00
6/1/2023 22:13:57,1.17.0,20,80,3.89,1,30,Pellet,Left,40,127,83,22,0.06,22,nan
6/1/2023 22:14:14,1.17.0,20,80,3.88,nan,30,Right,Left,40,128,83,23,nan,nan,0.00
6/1/2023 22:14:17,1.17.0,20,80,3.88,1,30,Pellet,Left,40,128,84,23,0.06,20,nan
6/1/2023 22:14:40,1.17.0,20,80,3.88,nan,30,Right,Left,40,129,84,24,nan,nan,0.00
6/1/2023 22:14:43,1.17.0,20,80,3.89,1,30,Pellet,Left,40,129,85,24,0.06,26,nan
6/1/2023 22:15:07,1.17.0,20,80,3.89,nan,30,Right,Left,40,130,85,25,nan,nan,0.00
6/1/2023 22:15:10,1.17.0,20,80,3.88,1,30,Pellet,Left,40,130,86,25,0.06,27,nan
6/1/2023 22:15:32,1.17.0,20,80,3.89,nan,30,Right,Left,40,131,86,26,nan,nan,0.00
6/1/2023 22:15:35,1.17.0,20,80,3.89,1,30,Pellet,Left,40,131,87,26,0.06,25,nan
6/1/2023 22:15:58,1.17.0,20,80,3.88,nan,30,Right,Left,40,132,87,27,nan,nan,0.00
6/1/2023 22:16:01,1.17.0,20,80,3.88,1,30,Pellet,Left,40,132,88,27,0.12,26,nan
6/1/2023 22:16:25,1.17.0,20,80,3.89,nan,30,Right,Left,40,133,88,28,nan,nan,0.17
6/1/2023 22:16:29,1.17.0,20,80,3.88,1,30,Pellet,Left,40,133,89,28,0.24,28,nan
6/1/2023 22:16:59,1.17.0,20,80,3.89,nan,30,Right,Left,40,134,89,29,nan,nan,0.00
6/1/2023 22:17:02,1.17.0,20,80,3.89,1,30,Pellet,Left,40,134,90,29,0.06,33,nan
6/1/2023 22:17:27,1.17.0,80,20,3.89,nan,30,Right,Right,40,135,90,0,nan,nan,0.00
6/1/2023 22:17:30,1.17.0,80,20,3.89,1,30,Pellet,Right,40,135,91,0,0.12,28,nan
6/1/2023 22:17:50,1.17.0,80,20,3.89,nan,30,Right,Right,40,136,91,1,nan,nan,0.00
6/1/2023 22:23:52,1.17.0,80,20,3.89,nan,30,Right,Right,40,137,91,1,nan,nan,0.00
6/1/2023 22:31:05,1.17.0,80,20,3.89,nan,30,Right,Right,40,138,91,1,nan,nan,0.00
6/1/2023 22:38:13,1.17.0,80,20,3.89,nan,30,Right,Right,40,139,91,1,nan,nan,0.00
6/1/2023 22:38:36,1.17.0,80,20,3.88,nan,30,Left,Left,41,139,91,1,nan,nan,0.00
6/1/2023 22:38:40,1.17.0,80,20,3.89,1,30,Pellet,Left,41,139,92,1,0.36,1270,nan
6/1/2023 22:39:07,1.17.0,80,20,3.88,nan,30,Right,Right,41,140,92,2,nan,nan,0.00
6/1/2023 22:39:28,1.17.0,80,20,3.88,nan,30,Right,Right,41,141,92,2,nan,nan,0.00
6/1/2023 22:39:49,1.17.0,80,20,3.87,nan,30,Right,Right,41,142,92,2,nan,nan,0.00
6/1/2023 22:39:52,1.17.0,80,20,3.89,1,30,Pellet,Right,41,142,93,2,0.06,72,nan
6/1/2023 22:40:16,1.17.0,80,20,3.88,nan,30,Right,Right,41,143,93,3,nan,nan,0.30
6/1/2023 22:40:19,1.17.0,80,20,3.89,1,30,Pellet,Right,41,143,94,3,0.18,27,nan
6/1/2023 22:41:19,1.17.0,80,20,3.89,nan,30,Left,Left,42,143,94,4,nan,nan,0.00
6/1/2023 22:41:22,1.17.0,80,20,3.89,1,30,Pellet,Left,42,143,95,4,0.06,63,nan
6/1/2023 22:41:48,1.17.0,80,20,3.88,nan,30,Left,Left,43,143,95,5,nan,nan,0.00
6/1/2023 22:41:52,1.17.0,80,20,3.89,1,30,Pellet,Left,43,143,96,5,0.73,30,nan
6/1/2023 22:42:31,1.17.0,80,20,3.88,nan,30,Left,Left,44,143,96,6,nan,nan,0.00
6/1/2023 22:42:35,1.17.0,80,20,3.88,2,30,Pellet,Left,44,143,97,6,0.48,43,nan
6/1/2023 22:43:03,1.17.0,80,20,3.88,nan,30,Right,Right,44,144,97,7,nan,nan,0.00
6/1/2023 22:43:06,1.17.0,80,20,3.88,1,30,Pellet,Right,44,144,98,7,0.12,31,nan
6/1/2023 22:43:33,1.17.0,80,20,3.88,nan,30,Right,Right,44,145,98,8,nan,nan,0.00
6/1/2023 22:50:11,1.17.0,80,20,3.88,nan,30,Right,Right,44,146,98,8,nan,nan,0.00
6/1/2023 22:50:26,1.17.0,80,20,3.88,nan,30,Left,Left,45,146,98,8,nan,nan,0.36
6/1/2023 22:50:30,1.17.0,80,20,3.88,1,30,Pellet,Left,45,146,99,8,0.06,444,nan
6/1/2023 22:50:51,1.17.0,80,20,3.89,nan,30,Right,Right,45,147,99,9,nan,nan,0.00
6/1/2023 22:51:20,1.17.0,80,20,3.88,nan,30,Right,Right,45,148,99,9,nan,nan,0.00
6/1/2023 22:51:24,1.17.0,80,20,3.88,1,30,Pellet,Right,45,148,100,9,0.91,54,nan
6/1/2023 22:51:43,1.17.0,80,20,3.88,nan,30,Right,Right,45,149,100,10,nan,nan,0.00
6/1/2023 22:56:46,1.17.0,80,20,3.88,nan,30,Right,Right,45,150,100,10,nan,nan,0.00
6/1/2023 22:59:43,1.17.0,80,20,3.89,nan,30,Right,Right,45,151,100,10,nan,nan,0.00
6/1/2023 22:59:50,1.17.0,80,20,3.88,nan,30,RightinTimeout,Right,45,151,100,10,nan,nan,0.38
6/1/2023 23:00:07,1.17.0,80,20,3.88,nan,30,Right,Right,45,152,100,10,nan,nan,0.00
6/1/2023 23:03:22,1.17.0,80,20,3.88,nan,30,Right,Right,45,153,100,10,nan,nan,0.00
6/1/2023 23:03:25,1.17.0,80,20,3.88,1,30,Pellet,Right,45,153,101,10,0.48,721,nan
6/1/2023 23:03:48,1.17.0,80,20,3.88,nan,30,Right,Right,45,154,101,11,nan,nan,0.00
6/1/2023 23:05:48,1.17.0,80,20,3.89,nan,30,Right,Right,45,155,101,11,nan,nan,0.06
6/1/2023 23:07:03,1.17.0,80,20,3.88,nan,30,Right,Right,45,156,101,11,nan,nan,0.00
6/1/2023 23:07:06,1.17.0,80,20,3.88,1,30,Pellet,Right,45,156,102,11,0.36,221,nan
6/1/2023 23:07:25,1.17.0,80,20,3.88,nan,30,Right,Right,45,157,102,12,nan,nan,0.00
6/1/2023 23:07:42,1.17.0,80,20,3.88,nan,30,Right,Right,45,158,102,12,nan,nan,0.76
6/1/2023 23:07:56,1.17.0,80,20,3.89,nan,30,Left,Left,46,158,102,12,nan,nan,0.00
6/1/2023 23:07:59,1.17.0,80,20,3.89,1,30,Pellet,Left,46,158,103,12,0.12,53,nan
6/1/2023 23:08:28,1.17.0,80,20,3.89,nan,30,Right,Right,46,159,103,13,nan,nan,0.00
6/1/2023 23:15:05,1.17.0,80,20,3.89,nan,30,Right,Right,46,160,103,13,nan,nan,0.00
6/1/2023 23:15:22,1.17.0,80,20,3.89,nan,30,Right,Right,46,161,103,13,nan,nan,0.00
6/1/2023 23:15:45,1.17.0,80,20,3.88,nan,30,Left,Left,47,161,103,13,nan,nan,0.00
6/1/2023 23:15:48,1.17.0,80,20,3.88,1,30,Pellet,Left,47,161,104,13,0.30,469,nan
6/1/2023 23:16:10,1.17.0,80,20,3.88,nan,30,Right,Right,47,162,104,14,nan,nan,0.00
6/1/2023 23:16:14,1.17.0,80,20,3.88,1,30,Pellet,Right,47,162,105,14,0.36,25,nan
6/1/2023 23:16:31,1.17.0,80,20,3.88,nan,30,Right,Right,47,163,105,15,nan,nan,0.00
6/1/2023 23:17:33,1.17.0,80,20,3.88,nan,30,Right,Right,47,164,105,15,nan,nan,0.00
6/1/2023 23:35:12,1.17.0,80,20,3.88,nan,30,Right,Right,47,165,105,15,nan,nan,0.03
6/1/2023 23:35:25,1.17.0,80,20,3.87,nan,30,RightinTimeout,Right,47,165,105,15,nan,nan,0.82
6/1/2023 23:35:47,1.17.0,80,20,3.88,nan,30,Right,Right,47,166,105,15,nan,nan,0.00
6/1/2023 23:45:31,1.17.0,80,20,3.88,nan,30,Right,Right,47,167,105,15,nan,nan,0.00
6/1/2023 23:56:45,1.17.0,80,20,3.88,nan,30,Right,Right,47,168,105,15,nan,nan,0.00
6/1/2023 23:56:50,1.17.0,80,20,3.88,2,30,Pellet,Right,47,168,106,15,0.36,2437,nan
6/1/2023 23:57:08,1.17.0,80,20,3.88,nan,30,Right,Right,47,169,106,16,nan,nan,0.00
6/1/2023 23:57:36,1.17.0,80,20,3.87,nan,30,Left,Left,48,169,106,16,nan,nan,0.00
6/1/2023 23:57:39,1.17.0,80,20,3.88,1,30,Pellet,Left,48,169,107,16,0.42,49,nan
6/1/2023 23:58:17,1.17.0,80,20,3.89,nan,30,Left,Left,49,169,107,17,nan,nan,0.00
6/1/2023 23:58:20,1.17.0,80,20,3.88,1,30,Pellet,Left,49,169,108,17,0.18,41,nan
6/1/2023 23:58:44,1.17.0,80,20,3.88,nan,30,Right,Right,49,170,108,18,nan,nan,0.00
6/1/2023 23:59:17,1.17.0,80,20,3.88,nan,30,Left,Left,50,170,108,18,nan,nan,0.00
6/1/2023 23:59:21,1.17.0,80,20,3.88,1,30,Pellet,Left,50,170,109,18,0.67,61,nan
6/1/2023 23:59:38,1.17.0,80,20,3.88,nan,30,Right,Right,50,171,109,19,nan,nan,0.00
6/2/2023 0:06:53,1.17.0,80,20,3.87,nan,30,Right,Right,50,172,109,19,nan,nan,0.14
6/2/2023 0:06:56,1.17.0,80,20,3.88,1,30,Pellet,Right,50,172,110,19,0.24,455,nan
6/2/2023 0:07:20,1.17.0,80,20,3.88,nan,30,Right,Right,50,173,110,20,nan,nan,0.00
6/2/2023 0:10:03,1.17.0,80,20,3.87,nan,30,Right,Right,50,174,110,20,nan,nan,0.00
6/2/2023 0:13:20,1.17.0,80,20,3.87,nan,30,Right,Right,50,175,110,20,nan,nan,0.02
6/2/2023 0:13:35,1.17.0,80,20,3.88,nan,30,Left,Left,51,175,110,20,nan,nan,0.00
6/2/2023 0:13:44,1.17.0,80,20,3.88,nan,30,LeftinTimeOut,Left,51,175,110,20,nan,nan,nan
6/2/2023 0:13:45,1.17.0,80,20,3.87,nan,30,LeftinTimeOut,Left,51,175,110,20,nan,nan,nan
6/2/2023 0:14:17,1.17.0,80,20,3.88,nan,30,Right,Right,51,176,110,20,nan,nan,0.00
6/2/2023 0:22:29,1.17.0,80,20,3.87,nan,30,Left,Left,52,176,110,20,nan,nan,0.00
6/2/2023 0:22:33,1.17.0,80,20,3.88,1,30,Pellet,Left,52,176,111,20,0.61,937,nan
6/2/2023 0:22:54,1.17.0,80,20,3.88,nan,30,Right,Right,52,177,111,21,nan,nan,0.00
6/2/2023 0:23:19,1.17.0,80,20,3.88,nan,30,Right,Right,52,178,111,21,nan,nan,0.00
6/2/2023 0:23:41,1.17.0,80,20,3.88,nan,30,Right,Right,52,179,111,21,nan,nan,0.14
6/2/2023 0:24:01,1.17.0,80,20,3.88,nan,30,Right,Right,52,180,111,21,nan,nan,0.00
6/2/2023 0:24:27,1.17.0,80,20,3.88,nan,30,Right,Right,52,181,111,21,nan,nan,0.00
6/2/2023 0:40:01,1.17.0,80,20,3.87,nan,30,Right,Right,52,182,111,21,nan,nan,0.00
6/2/2023 0:40:17,1.17.0,80,20,3.87,nan,30,Left,Left,53,182,111,21,nan,nan,0.00
6/2/2023 0:40:21,1.17.0,80,20,3.88,1,30,Pellet,Left,53,182,112,21,0.61,1068,nan
6/2/2023 0:41:06,1.17.0,80,20,3.87,nan,30,Left,Left,54,182,112,22,nan,nan,0.00
6/2/2023 0:41:12,1.17.0,80,20,3.88,2,30,Pellet,Left,54,182,113,22,0.36,50,nan
6/2/2023 0:41:41,1.17.0,80,20,3.88,nan,30,Left,Left,55,182,113,23,nan,nan,0.00
6/2/2023 0:41:59,1.17.0,80,20,3.88,nan,30,Right,Right,55,183,113,23,nan,nan,0.00
6/2/2023 0:45:45,1.17.0,80,20,3.88,nan,30,Right,Right,55,184,113,23,nan,nan,0.00
6/2/2023 0:50:00,1.17.0,80,20,3.88,nan,30,Right,Right,55,185,113,23,nan,nan,1.25
6/2/2023 0:50:15,1.17.0,80,20,3.88,nan,30,RightinTimeout,Right,55,185,113,23,nan,nan,1.39
6/2/2023 0:50:22,1.17.0,80,20,3.87,nan,30,LeftinTimeOut,Right,55,185,113,23,nan,nan,nan
6/2/2023 0:50:24,1.17.0,80,20,3.88,nan,30,RightinTimeout,Right,55,185,113,23,nan,nan,0.01
6/2/2023 0:50:29,1.17.0,80,20,3.88,nan,30,LeftinTimeOut,Right,55,185,113,23,nan,nan,nan
6/2/2023 0:50:30,1.17.0,80,20,3.87,nan,30,LeftinTimeOut,Right,55,185,113,23,nan,nan,nan
6/2/2023 0:50:34,1.17.0,80,20,3.88,nan,30,LeftinTimeOut,Right,55,185,113,23,nan,nan,nan
6/2/2023 0:50:38,1.17.0,80,20,3.87,nan,30,LeftinTimeOut,Right,55,185,113,23,nan,nan,nan
6/2/2023 0:50:51,1.17.0,80,20,3.87,nan,30,Left,Left,56,185,113,23,nan,nan,0.00
6/2/2023 0:50:54,1.17.0,80,20,3.87,1,30,Pellet,Left,56,185,114,23,0.30,583,nan
6/2/2023 0:51:29,1.17.0,80,20,3.88,nan,30,Right,Right,56,186,114,24,nan,nan,0.00
6/2/2023 0:51:41,1.17.0,80,20,3.87,nan,30,LeftinTimeOut,Right,56,186,114,24,nan,nan,nan
6/2/2023 0:51:50,1.17.0,80,20,3.88,nan,30,LeftinTimeOut,Right,56,186,114,24,nan,nan,nan
6/2/2023 0:54:51,1.17.0,80,20,3.88,nan,30,Right,Right,56,187,114,24,nan,nan,0.00
6/2/2023 2:25:56,1.17.0,80,20,3.87,nan,30,Right,Right,56,188,114,24,nan,nan,0.00
6/2/2023 2:26:00,1.17.0,80,20,3.87,nan,30,RightinTimeout,Right,56,188,114,24,nan,nan,0.87
